,temperature,ghi,dni,dhi,wind_speed,cloud_cover,humidity
2025-10-24 22:00:00+00:00,10.0,0.0,0.0,0.0,15.1,95.0,94.0
2025-10-24 22:15:00+00:00,9.925,0.0,0.0,0.0,13.225,95.0,94.0
2025-10-24 22:30:00+00:00,9.85,0.0,0.0,0.0,11.35,95.0,94.0
2025-10-24 22:45:00+00:00,9.774999999999999,0.0,0.0,0.0,9.475,95.0,94.0
2025-10-24 23:00:00+00:00,9.7,0.0,0.0,0.0,7.6,0.0,94.0
2025-10-24 23:15:00+00:00,9.399999999999999,0.0,0.0,0.0,7.225,0.0,94.25
2025-10-24 23:30:00+00:00,9.1,0.0,0.0,0.0,6.85,0.0,94.5
2025-10-24 23:45:00+00:00,8.8,0.0,0.0,0.0,6.475,0.0,94.75
2025-10-25 00:00:00+00:00,8.5,0.0,0.0,0.0,6.1,0.0,95.0
2025-10-25 00:15:00+00:00,8.275,0.0,0.0,0.0,5.75,0.0,95.0
2025-10-25 00:30:00+00:00,8.05,0.0,0.0,0.0,5.4,0.0,95.0
2025-10-25 00:45:00+00:00,7.824999999999999,0.0,0.0,0.0,5.05,0.0,95.0
2025-10-25 01:00:00+00:00,7.6,0.0,0.0,0.0,4.7,0.0,95.0
2025-10-25 01:15:00+00:00,7.375,0.0,0.0,0.0,5.15,0.0,95.25
2025-10-25 01:30:00+00:00,7.15,0.0,0.0,0.0,5.6,0.0,95.5
2025-10-25 01:45:00+00:00,6.925,0.0,0.0,0.0,6.05,0.0,95.75
2025-10-25 02:00:00+00:00,6.7,0.0,0.0,0.0,6.5,0.0,96.0
2025-10-25 02:15:00+00:00,6.575,0.0,0.0,0.0,6.4,0.0,96.25
2025-10-25 02:30:00+00:00,6.45,0.0,0.0,0.0,6.3,0.0,96.5
2025-10-25 02:45:00+00:00,6.325,0.0,0.0,0.0,6.199999999999999,0.0,96.75
2025-10-25 03:00:00+00:00,6.2,0.0,0.0,0.0,6.1,85.0,97.0
2025-10-25 03:15:00+00:00,6.175,0.0,0.0,0.0,6.199999999999999,85.0,97.25
2025-10-25 03:30:00+00:00,6.15,0.0,0.0,0.0,6.3,85.0,97.5
2025-10-25 03:45:00+00:00,6.125,0.0,0.0,0.0,6.4,85.0,97.75
2025-10-25 04:00:00+00:00,6.1,0.0,0.0,0.0,6.5,75.0,98.0
2025-10-25 04:15:00+00:00,6.05,0.0,0.0,0.0,6.675,75.0,98.0
2025-10-25 04:30:00+00:00,6.0,0.0,0.0,0.0,6.85,75.0,98.0
2025-10-25 04:45:00+00:00,5.95,0.0,0.0,0.0,7.025,75.0,98.0
2025-10-25 05:00:00+00:00,5.9,0.0,0.0,0.0,7.2,0.0,98.0
2025-10-25 05:15:00+00:00,5.9750000000000005,0.0,0.0,0.0,7.1,0.0,97.5
2025-10-25 05:30:00+00:00,6.050000000000001,0.0,0.0,0.0,7.0,0.0,97.0
2025-10-25 05:45:00+00:00,6.125,0.0,0.0,0.0,6.9,0.0,96.5
2025-10-25 06:00:00+00:00,6.2,34.0,107.8,26.5,6.8,0.0,96.0
2025-10-25 06:15:00+00:00,6.75,34.0,107.8,26.5,6.35,0.0,94.75
2025-10-25 06:30:00+00:00,7.300000000000001,34.0,107.8,26.5,5.9,0.0,93.5
2025-10-25 06:45:00+00:00,7.8500000000000005,34.0,107.8,26.5,5.45,0.0,92.25
2025-10-25 07:00:00+00:00,8.4,171.0,456.6,88.7,5.0,0.0,91.0
2025-10-25 07:15:00+00:00,8.975,171.0,456.6,88.7,5.65,0.0,88.0
2025-10-25 07:30:00+00:00,9.55,171.0,456.6,88.7,6.3,0.0,85.0
2025-10-25 07:45:00+00:00,10.125,171.0,456.6,88.7,6.949999999999999,0.0,82.0
2025-10-25 08:00:00+00:00,10.7,309.0,575.7,123.0,7.6,73.0,79.0
2025-10-25 08:15:00+00:00,10.924999999999999,309.0,575.7,123.0,8.675,73.0,77.75
2025-10-25 08:30:00+00:00,11.149999999999999,309.0,575.7,123.0,9.75,73.0,76.5
2025-10-25 08:45:00+00:00,11.375,309.0,575.7,123.0,10.825,73.0,75.25
2025-10-25 09:00:00+00:00,11.6,343.0,273.6,153.9,11.9,88.0,74.0
2025-10-25 09:15:00+00:00,11.725,343.0,273.6,153.9,11.9,88.0,73.5
2025-10-25 09:30:00+00:00,11.85,343.0,273.6,153.9,11.9,88.0,73.0
2025-10-25 09:45:00+00:00,11.975,343.0,273.6,153.9,11.9,88.0,72.5
2025-10-25 10:00:00+00:00,12.1,351.0,165.6,179.1,11.9,91.0,72.0
2025-10-25 10:15:00+00:00,12.25,351.0,165.6,179.1,12.075,91.0,71.75
2025-10-25 10:30:00+00:00,12.399999999999999,351.0,165.6,179.1,12.25,91.0,71.5
2025-10-25 10:45:00+00:00,12.549999999999999,351.0,165.6,179.1,12.425,91.0,71.25
2025-10-25 11:00:00+00:00,12.7,367.0,181.5,183.8,12.6,76.0,71.0
2025-10-25 11:15:00+00:00,12.899999999999999,367.0,181.5,183.8,12.95,76.0,71.25
2025-10-25 11:30:00+00:00,13.1,367.0,181.5,183.8,13.3,76.0,71.5
2025-10-25 11:45:00+00:00,13.3,367.0,181.5,183.8,13.65,76.0,71.75
2025-10-25 12:00:00+00:00,13.5,375.0,261.4,168.3,14.0,84.0,72.0
2025-10-25 12:15:00+00:00,13.575,375.0,261.4,168.3,13.75,84.0,72.0
2025-10-25 12:30:00+00:00,13.65,375.0,261.4,168.3,13.5,84.0,72.0
2025-10-25 12:45:00+00:00,13.725000000000001,375.0,261.4,168.3,13.25,84.0,72.0
2025-10-25 13:00:00+00:00,13.8,279.0,138.2,152.3,13.0,100.0,72.0
2025-10-25 13:15:00+00:00,13.875,279.0,138.2,152.3,12.35,100.0,73.75
2025-10-25 13:30:00+00:00,13.95,279.0,138.2,152.3,11.7,100.0,75.5
2025-10-25 13:45:00+00:00,14.025,279.0,138.2,152.3,11.05,100.0,77.25
2025-10-25 14:00:00+00:00,14.1,152.0,16.3,110.1,10.4,100.0,79.0
2025-10-25 14:15:00+00:00,13.95,152.0,16.3,110.1,10.6,100.0,79.25
2025-10-25 14:30:00+00:00,13.8,152.0,16.3,110.1,10.8,100.0,79.5
2025-10-25 14:45:00+00:00,13.65,152.0,16.3,110.1,11.0,100.0,79.75
2025-10-25 15:00:00+00:00,13.5,70.0,0.0,57.8,11.2,94.0,80.0
2025-10-25 15:15:00+00:00,13.125,70.0,0.0,57.8,10.375,94.0,80.75
2025-10-25 15:30:00+00:00,12.75,70.0,0.0,57.8,9.55,94.0,81.5
2025-10-25 15:45:00+00:00,12.375,70.0,0.0,57.8,8.725,94.0,82.25
2025-10-25 16:00:00+00:00,12.0,8.0,0.0,8.0,7.9,0.0,83.0
2025-10-25 16:15:00+00:00,11.675,8.0,0.0,8.0,8.35,0.0,83.5
2025-10-25 16:30:00+00:00,11.35,8.0,0.0,8.0,8.8,0.0,84.0
2025-10-25 16:45:00+00:00,11.024999999999999,8.0,0.0,8.0,9.25,0.0,84.5
2025-10-25 17:00:00+00:00,10.7,0.0,0.0,0.0,9.7,17.0,85.0
2025-10-25 17:15:00+00:00,10.6,0.0,0.0,0.0,10.6,17.0,85.5
2025-10-25 17:30:00+00:00,10.5,0.0,0.0,0.0,11.5,17.0,86.0
2025-10-25 17:45:00+00:00,10.4,0.0,0.0,0.0,12.4,17.0,86.5
2025-10-25 18:00:00+00:00,10.3,0.0,0.0,0.0,13.3,0.0,87.0
2025-10-25 18:15:00+00:00,10.175,0.0,0.0,0.0,13.4,0.0,88.25
2025-10-25 18:30:00+00:00,10.05,0.0,0.0,0.0,13.5,0.0,89.5
2025-10-25 18:45:00+00:00,9.925,0.0,0.0,0.0,13.6,0.0,90.75
2025-10-25 19:00:00+00:00,9.8,0.0,0.0,0.0,13.7,0.0,92.0
2025-10-25 19:15:00+00:00,9.625,0.0,0.0,0.0,13.25,0.0,92.75
2025-10-25 19:30:00+00:00,9.45,0.0,0.0,0.0,12.8,0.0,93.5
2025-10-25 19:45:00+00:00,9.275,0.0,0.0,0.0,12.35,0.0,94.25
2025-10-25 20:00:00+00:00,9.1,0.0,0.0,0.0,11.9,0.0,95.0
2025-10-25 20:15:00+00:00,9.15,0.0,0.0,0.0,12.975,0.0,95.5
2025-10-25 20:30:00+00:00,9.2,0.0,0.0,0.0,14.05,0.0,96.0
2025-10-25 20:45:00+00:00,9.25,0.0,0.0,0.0,15.125,0.0,96.5
2025-10-25 21:00:00+00:00,9.3,0.0,0.0,0.0,16.2,10.0,97.0
2025-10-25 21:15:00+00:00,9.3,0.0,0.0,0.0,16.825,10.0,97.25
2025-10-25 21:30:00+00:00,9.3,0.0,0.0,0.0,17.45,10.0,97.5
2025-10-25 21:45:00+00:00,9.3,0.0,0.0,0.0,18.075,10.0,97.75
2025-10-25 22:00:00+00:00,9.3,0.0,0.0,0.0,18.7,72.0,98.0
2025-10-25 22:15:00+00:00,9.450000000000001,0.0,0.0,0.0,19.075,72.0,98.0
2025-10-25 22:30:00+00:00,9.600000000000001,0.0,0.0,0.0,19.45,72.0,98.0
2025-10-25 22:45:00+00:00,9.75,0.0,0.0,0.0,19.825,72.0,98.0
2025-10-25 23:00:00+00:00,9.9,0.0,0.0,0.0,20.2,99.0,98.0
2025-10-25 23:15:00+00:00,9.975,0.0,0.0,0.0,20.0,99.0,98.0
2025-10-25 23:30:00+00:00,10.05,0.0,0.0,0.0,19.799999999999997,99.0,98.0
2025-10-25 23:45:00+00:00,10.125,0.0,0.0,0.0,19.599999999999998,99.0,98.0
2025-10-26 00:00:00+00:00,10.2,0.0,0.0,0.0,19.4,93.0,98.0
2025-10-26 00:15:00+00:00,10.149999999999999,0.0,0.0,0.0,18.424999999999997,93.0,98.0
2025-10-26 00:30:00+00:00,10.1,0.0,0.0,0.0,17.45,93.0,98.0
2025-10-26 00:45:00+00:00,10.05,0.0,0.0,0.0,16.475,93.0,98.0
2025-10-26 01:00:00+00:00,10.0,0.0,0.0,0.0,15.5,65.0,98.0
2025-10-26 01:15:00+00:00,9.85,0.0,0.0,0.0,14.95,65.0,98.0
2025-10-26 01:30:00+00:00,9.7,0.0,0.0,0.0,14.4,65.0,98.0
2025-10-26 01:45:00+00:00,9.55,0.0,0.0,0.0,13.850000000000001,65.0,98.0
2025-10-26 02:00:00+00:00,9.4,0.0,0.0,0.0,13.3,98.0,98.0
2025-10-26 02:15:00+00:00,9.275,0.0,0.0,0.0,12.575000000000001,98.0,97.75
2025-10-26 02:30:00+00:00,9.15,0.0,0.0,0.0,11.850000000000001,98.0,97.5
2025-10-26 02:45:00+00:00,9.025,0.0,0.0,0.0,11.125,98.0,97.25
2025-10-26 03:00:00+00:00,8.9,0.0,0.0,0.0,10.4,100.0,97.0
2025-10-26 03:15:00+00:00,8.85,0.0,0.0,0.0,9.7,100.0,97.25
2025-10-26 03:30:00+00:00,8.8,0.0,0.0,0.0,9.0,100.0,97.5
2025-10-26 03:45:00+00:00,8.75,0.0,0.0,0.0,8.3,100.0,97.75
2025-10-26 04:00:00+00:00,8.7,0.0,0.0,0.0,7.6,100.0,98.0
2025-10-26 04:15:00+00:00,8.799999999999999,0.0,0.0,0.0,8.225,100.0,98.0
2025-10-26 04:30:00+00:00,8.899999999999999,0.0,0.0,0.0,8.85,100.0,98.0
2025-10-26 04:45:00+00:00,9.0,0.0,0.0,0.0,9.475,100.0,98.0
2025-10-26 05:00:00+00:00,9.1,0.0,0.0,0.0,10.1,100.0,98.0
2025-10-26 05:15:00+00:00,9.225,0.0,0.0,0.0,9.65,100.0,97.75
2025-10-26 05:30:00+00:00,9.35,0.0,0.0,0.0,9.2,100.0,97.5
2025-10-26 05:45:00+00:00,9.475,0.0,0.0,0.0,8.75,100.0,97.25
2025-10-26 06:00:00+00:00,9.6,1.0,0.0,1.0,8.3,100.0,97.0
2025-10-26 06:15:00+00:00,9.7,1.0,0.0,1.0,9.025,100.0,97.0
2025-10-26 06:30:00+00:00,9.8,1.0,0.0,1.0,9.75,100.0,97.0
2025-10-26 06:45:00+00:00,9.9,1.0,0.0,1.0,10.475,100.0,97.0
2025-10-26 07:00:00+00:00,10.0,9.0,0.0,9.0,11.2,100.0,97.0
2025-10-26 07:15:00+00:00,10.125,9.0,0.0,9.0,11.274999999999999,100.0,97.25
2025-10-26 07:30:00+00:00,10.25,9.0,0.0,9.0,11.35,100.0,97.5
2025-10-26 07:45:00+00:00,10.375,9.0,0.0,9.0,11.425,100.0,97.75
2025-10-26 08:00:00+00:00,10.5,10.0,0.0,9.9,11.5,100.0,98.0
2025-10-26 08:15:00+00:00,10.6,10.0,0.0,9.9,10.775,100.0,98.25
2025-10-26 08:30:00+00:00,10.7,10.0,0.0,9.9,10.05,100.0,98.5
2025-10-26 08:45:00+00:00,10.8,10.0,0.0,9.9,9.325,100.0,98.75
2025-10-26 09:00:00+00:00,10.9,14.0,0.0,13.7,8.6,100.0,99.0
2025-10-26 09:15:00+00:00,10.975,14.0,0.0,13.7,8.525,100.0,99.0
2025-10-26 09:30:00+00:00,11.05,14.0,0.0,13.7,8.45,100.0,99.0
2025-10-26 09:45:00+00:00,11.125,14.0,0.0,13.7,8.375,100.0,99.0
2025-10-26 10:00:00+00:00,11.2,14.0,0.0,13.8,8.3,100.0,99.0
2025-10-26 10:15:00+00:00,11.149999999999999,14.0,0.0,13.8,8.3,100.0,98.75
2025-10-26 10:30:00+00:00,11.1,14.0,0.0,13.8,8.3,100.0,98.5
2025-10-26 10:45:00+00:00,11.05,14.0,0.0,13.8,8.3,100.0,98.25
2025-10-26 11:00:00+00:00,11.0,25.0,0.0,24.6,8.3,100.0,98.0
2025-10-26 11:15:00+00:00,10.875,25.0,0.0,24.6,7.4,100.0,97.75
2025-10-26 11:30:00+00:00,10.75,25.0,0.0,24.6,6.5,100.0,97.5
2025-10-26 11:45:00+00:00,10.625,25.0,0.0,24.6,5.6000000000000005,100.0,97.25
2025-10-26 12:00:00+00:00,10.5,14.0,0.0,13.8,4.7,100.0,97.0
2025-10-26 12:15:00+00:00,10.45,14.0,0.0,13.8,5.325,100.0,97.25
2025-10-26 12:30:00+00:00,10.4,14.0,0.0,13.8,5.95,100.0,97.5
2025-10-26 12:45:00+00:00,10.350000000000001,14.0,0.0,13.8,6.575,100.0,97.75
2025-10-26 13:00:00+00:00,10.3,7.0,0.0,6.9,7.2,100.0,98.0
2025-10-26 13:15:00+00:00,10.275,7.0,0.0,6.9,6.2,100.0,98.0
2025-10-26 13:30:00+00:00,10.25,7.0,0.0,6.9,5.2,100.0,98.0
2025-10-26 13:45:00+00:00,10.225,7.0,0.0,6.9,4.2,100.0,98.0
2025-10-26 14:00:00+00:00,10.2,7.0,0.0,6.9,3.2,100.0,98.0
2025-10-26 14:15:00+00:00,10.2,7.0,0.0,6.9,3.6500000000000004,100.0,98.0
2025-10-26 14:30:00+00:00,10.2,7.0,0.0,6.9,4.1,100.0,98.0
2025-10-26 14:45:00+00:00,10.2,7.0,0.0,6.9,4.55,100.0,98.0
2025-10-26 15:00:00+00:00,10.2,6.0,0.0,6.0,5.0,100.0,98.0
2025-10-26 15:15:00+00:00,10.174999999999999,6.0,0.0,6.0,5.9,100.0,98.25
2025-10-26 15:30:00+00:00,10.149999999999999,6.0,0.0,6.0,6.8,100.0,98.5
2025-10-26 15:45:00+00:00,10.125,6.0,0.0,6.0,7.699999999999999,100.0,98.75
2025-10-26 16:00:00+00:00,10.1,0.0,0.0,0.0,8.6,100.0,99.0
2025-10-26 16:15:00+00:00,10.075,0.0,0.0,0.0,8.25,100.0,98.75
2025-10-26 16:30:00+00:00,10.05,0.0,0.0,0.0,7.9,100.0,98.5
2025-10-26 16:45:00+00:00,10.025,0.0,0.0,0.0,7.55,100.0,98.25
2025-10-26 17:00:00+00:00,10.0,0.0,0.0,0.0,7.2,100.0,98.0
2025-10-26 17:15:00+00:00,9.95,0.0,0.0,0.0,7.3,100.0,98.25
2025-10-26 17:30:00+00:00,9.9,0.0,0.0,0.0,7.4,100.0,98.5
2025-10-26 17:45:00+00:00,9.850000000000001,0.0,0.0,0.0,7.5,100.0,98.75
2025-10-26 18:00:00+00:00,9.8,0.0,0.0,0.0,7.6,100.0,99.0
2025-10-26 18:15:00+00:00,9.775,0.0,0.0,0.0,7.1499999999999995,100.0,99.0
2025-10-26 18:30:00+00:00,9.75,0.0,0.0,0.0,6.699999999999999,100.0,99.0
2025-10-26 18:45:00+00:00,9.725,0.0,0.0,0.0,6.25,100.0,99.0
2025-10-26 19:00:00+00:00,9.7,0.0,0.0,0.0,5.8,100.0,99.0
2025-10-26 19:15:00+00:00,9.674999999999999,0.0,0.0,0.0,6.15,100.0,99.0
2025-10-26 19:30:00+00:00,9.649999999999999,0.0,0.0,0.0,6.5,100.0,99.0
2025-10-26 19:45:00+00:00,9.625,0.0,0.0,0.0,6.85,100.0,99.0
2025-10-26 20:00:00+00:00,9.6,0.0,0.0,0.0,7.2,100.0,99.0
2025-10-26 20:15:00+00:00,9.75,0.0,0.0,0.0,9.350000000000001,100.0,96.25
2025-10-26 20:30:00+00:00,9.899999999999999,0.0,0.0,0.0,11.5,100.0,93.5
2025-10-26 20:45:00+00:00,10.049999999999999,0.0,0.0,0.0,13.650000000000002,100.0,90.75
2025-10-26 21:00:00+00:00,10.2,0.0,0.0,0.0,15.8,100.0,88.0
2025-10-26 21:15:00+00:00,10.149999999999999,0.0,0.0,0.0,14.925,100.0,87.25
2025-10-26 21:30:00+00:00,10.1,0.0,0.0,0.0,14.05,100.0,86.5
2025-10-26 21:45:00+00:00,10.05,0.0,0.0,0.0,13.175,100.0,85.75
2025-10-26 22:00:00+00:00,10.0,0.0,0.0,0.0,12.3,100.0,85.0
2025-10-26 22:15:00+00:00,9.95,0.0,0.0,0.0,12.350000000000001,100.0,84.25
2025-10-26 22:30:00+00:00,9.9,0.0,0.0,0.0,12.4,100.0,83.5
2025-10-26 22:45:00+00:00,9.850000000000001,0.0,0.0,0.0,12.45,100.0,82.75
2025-10-26 23:00:00+00:00,9.8,0.0,0.0,0.0,12.5,97.0,82.0
2025-10-26 23:15:00+00:00,9.725000000000001,0.0,0.0,0.0,12.9,97.0,80.25
2025-10-26 23:30:00+00:00,9.65,0.0,0.0,0.0,13.3,97.0,78.5
2025-10-26 23:45:00+00:00,9.575,0.0,0.0,0.0,13.7,97.0,76.75
2025-10-27 00:00:00+00:00,9.5,0.0,0.0,0.0,14.1,100.0,75.0
2025-10-27 00:15:00+00:00,9.425,0.0,0.0,0.0,14.375,100.0,73.5
2025-10-27 00:30:00+00:00,9.35,0.0,0.0,0.0,14.649999999999999,100.0,72.0
2025-10-27 00:45:00+00:00,9.274999999999999,0.0,0.0,0.0,14.924999999999999,100.0,70.5
2025-10-27 01:00:00+00:00,9.2,0.0,0.0,0.0,15.2,97.0,69.0
2025-10-27 01:15:00+00:00,9.0,0.0,0.0,0.0,15.1,97.0,68.5
2025-10-27 01:30:00+00:00,8.8,0.0,0.0,0.0,15.0,97.0,68.0
2025-10-27 01:45:00+00:00,8.6,0.0,0.0,0.0,14.9,97.0,67.5
2025-10-27 02:00:00+00:00,8.4,0.0,0.0,0.0,14.8,99.0,67.0
2025-10-27 02:15:00+00:00,8.425,0.0,0.0,0.0,14.925,99.0,65.5
2025-10-27 02:30:00+00:00,8.45,0.0,0.0,0.0,15.05,99.0,64.0
2025-10-27 02:45:00+00:00,8.475,0.0,0.0,0.0,15.175,99.0,62.5
2025-10-27 03:00:00+00:00,8.5,0.0,0.0,0.0,15.3,100.0,61.0
2025-10-27 03:15:00+00:00,8.6,0.0,0.0,0.0,15.65,100.0,60.0
2025-10-27 03:30:00+00:00,8.7,0.0,0.0,0.0,16.0,100.0,59.0
2025-10-27 03:45:00+00:00,8.8,0.0,0.0,0.0,16.35,100.0,58.0
2025-10-27 04:00:00+00:00,8.9,0.0,0.0,0.0,16.7,83.0,57.0
2025-10-27 04:15:00+00:00,8.825,0.0,0.0,0.0,16.275,83.0,57.5
2025-10-27 04:30:00+00:00,8.75,0.0,0.0,0.0,15.85,83.0,58.0
2025-10-27 04:45:00+00:00,8.675,0.0,0.0,0.0,15.425,83.0,58.5
2025-10-27 05:00:00+00:00,8.6,0.0,0.0,0.0,15.0,88.0,59.0
2025-10-27 05:15:00+00:00,8.675,0.0,0.0,0.0,15.25,88.0,59.0
2025-10-27 05:30:00+00:00,8.75,0.0,0.0,0.0,15.5,88.0,59.0
2025-10-27 05:45:00+00:00,8.825,0.0,0.0,0.0,15.75,88.0,59.0
2025-10-27 06:00:00+00:00,8.9,14.0,20.4,12.0,16.0,88.0,59.0
2025-10-27 06:15:00+00:00,8.975,14.0,20.4,12.0,16.55,88.0,58.75
2025-10-27 06:30:00+00:00,9.05,14.0,20.4,12.0,17.1,88.0,58.5
2025-10-27 06:45:00+00:00,9.125,14.0,20.4,12.0,17.65,88.0,58.25
2025-10-27 07:00:00+00:00,9.2,83.0,90.2,65.0,18.2,8.0,58.0
2025-10-27 07:15:00+00:00,9.424999999999999,83.0,90.2,65.0,18.525,8.0,56.75
2025-10-27 07:30:00+00:00,9.649999999999999,83.0,90.2,65.0,18.85,8.0,55.5
2025-10-27 07:45:00+00:00,9.875,83.0,90.2,65.0,19.175,8.0,54.25
2025-10-27 08:00:00+00:00,10.1,293.0,654.1,74.0,19.5,0.0,53.0
2025-10-27 08:15:00+00:00,10.375,293.0,654.1,74.0,19.35,0.0,51.25
2025-10-27 08:30:00+00:00,10.649999999999999,293.0,654.1,74.0,19.2,0.0,49.5
2025-10-27 08:45:00+00:00,10.924999999999999,293.0,654.1,74.0,19.049999999999997,0.0,47.75
2025-10-27 09:00:00+00:00,11.2,414.0,765.5,80.0,18.9,0.0,46.0
2025-10-27 09:15:00+00:00,11.475,414.0,765.5,80.0,19.2,0.0,44.25
2025-10-27 09:30:00+00:00,11.75,414.0,765.5,80.0,19.5,0.0,42.5
2025-10-27 09:45:00+00:00,12.025,414.0,765.5,80.0,19.8,0.0,40.75
2025-10-27 10:00:00+00:00,12.3,490.0,816.7,84.0,20.1,0.0,39.0
2025-10-27 10:15:00+00:00,12.475000000000001,490.0,816.7,84.0,19.275000000000002,0.0,38.5
2025-10-27 10:30:00+00:00,12.65,490.0,816.7,84.0,18.450000000000003,0.0,38.0
2025-10-27 10:45:00+00:00,12.825,490.0,816.7,84.0,17.625,0.0,37.5
2025-10-27 11:00:00+00:00,13.0,509.0,826.4,85.0,16.8,97.0,37.0
2025-10-27 11:15:00+00:00,13.075,509.0,826.4,85.0,16.025,97.0,36.75
2025-10-27 11:30:00+00:00,13.15,509.0,826.4,85.0,15.25,97.0,36.5
2025-10-27 11:45:00+00:00,13.225000000000001,509.0,826.4,85.0,14.475,97.0,36.25
2025-10-27 12:00:00+00:00,13.3,449.0,691.5,115.0,13.7,0.0,36.0
2025-10-27 12:15:00+00:00,13.350000000000001,449.0,691.5,115.0,13.524999999999999,0.0,36.0
2025-10-27 12:30:00+00:00,13.4,449.0,691.5,115.0,13.35,0.0,36.0
2025-10-27 12:45:00+00:00,13.45,449.0,691.5,115.0,13.175,0.0,36.0
2025-10-27 13:00:00+00:00,13.5,383.0,750.6,76.0,13.0,0.0,36.0
2025-10-27 13:15:00+00:00,13.425,383.0,750.6,76.0,12.9,0.0,36.25
2025-10-27 13:30:00+00:00,13.35,383.0,750.6,76.0,12.8,0.0,36.5
2025-10-27 13:45:00+00:00,13.274999999999999,383.0,750.6,76.0,12.7,0.0,36.75
2025-10-27 14:00:00+00:00,13.2,256.0,644.9,65.0,12.6,1.0,37.0
2025-10-27 14:15:00+00:00,12.85,256.0,644.9,65.0,11.35,1.0,39.0
2025-10-27 14:30:00+00:00,12.5,256.0,644.9,65.0,10.1,1.0,41.0
2025-10-27 14:45:00+00:00,12.15,256.0,644.9,65.0,8.85,1.0,43.0
2025-10-27 15:00:00+00:00,11.8,108.0,439.8,41.0,7.6,45.0,45.0
2025-10-27 15:15:00+00:00,11.450000000000001,108.0,439.8,41.0,8.5,45.0,47.0
2025-10-27 15:30:00+00:00,11.100000000000001,108.0,439.8,41.0,9.399999999999999,45.0,49.0
2025-10-27 15:45:00+00:00,10.75,108.0,439.8,41.0,10.299999999999999,45.0,51.0
2025-10-27 16:00:00+00:00,10.4,7.0,27.7,5.0,11.2,53.0,53.0
2025-10-27 16:15:00+00:00,10.075,7.0,27.7,5.0,11.149999999999999,53.0,54.25
2025-10-27 16:30:00+00:00,9.75,7.0,27.7,5.0,11.1,53.0,55.5
2025-10-27 16:45:00+00:00,9.425,7.0,27.7,5.0,11.05,53.0,56.75
2025-10-27 17:00:00+00:00,9.1,0.0,0.0,0.0,11.0,9.0,58.0
2025-10-27 17:15:00+00:00,8.95,0.0,0.0,0.0,11.6,9.0,58.25
2025-10-27 17:30:00+00:00,8.8,0.0,0.0,0.0,12.2,9.0,58.5
2025-10-27 17:45:00+00:00,8.65,0.0,0.0,0.0,12.8,9.0,58.75
2025-10-27 18:00:00+00:00,8.5,0.0,0.0,0.0,13.4,15.0,59.0
2025-10-27 18:15:00+00:00,8.425,0.0,0.0,0.0,13.5,15.0,59.5
2025-10-27 18:30:00+00:00,8.35,0.0,0.0,0.0,13.600000000000001,15.0,60.0
2025-10-27 18:45:00+00:00,8.274999999999999,0.0,0.0,0.0,13.700000000000001,15.0,60.5
2025-10-27 19:00:00+00:00,8.2,0.0,0.0,0.0,13.8,99.0,61.0
2025-10-27 19:15:00+00:00,8.274999999999999,0.0,0.0,0.0,13.950000000000001,99.0,60.75
2025-10-27 19:30:00+00:00,8.35,0.0,0.0,0.0,14.100000000000001,99.0,60.5
2025-10-27 19:45:00+00:00,8.425,0.0,0.0,0.0,14.25,99.0,60.25
2025-10-27 20:00:00+00:00,8.5,0.0,0.0,0.0,14.4,99.0,60.0
2025-10-27 20:15:00+00:00,8.45,0.0,0.0,0.0,14.950000000000001,99.0,61.5
2025-10-27 20:30:00+00:00,8.4,0.0,0.0,0.0,15.5,99.0,63.0
2025-10-27 20:45:00+00:00,8.350000000000001,0.0,0.0,0.0,16.05,99.0,64.5
2025-10-27 21:00:00+00:00,8.3,0.0,0.0,0.0,16.6,100.0,66.0
2025-10-27 21:15:00+00:00,8.200000000000001,0.0,0.0,0.0,16.675,100.0,69.25
2025-10-27 21:30:00+00:00,8.100000000000001,0.0,0.0,0.0,16.75,100.0,72.5
2025-10-27 21:45:00+00:00,8.0,0.0,0.0,0.0,16.825,100.0,75.75
2025-10-27 22:00:00+00:00,7.9,0.0,0.0,0.0,16.9,98.0,79.0
2025-10-27 22:15:00+00:00,7.8500000000000005,0.0,0.0,0.0,16.875,98.0,78.75
2025-10-27 22:30:00+00:00,7.800000000000001,0.0,0.0,0.0,16.85,98.0,78.5
2025-10-27 22:45:00+00:00,7.75,0.0,0.0,0.0,16.825,98.0,78.25
2025-10-27 23:00:00+00:00,7.7,0.0,0.0,0.0,16.8,100.0,78.0
2025-10-27 23:15:00+00:00,7.775,0.0,0.0,0.0,16.2,100.0,77.75
2025-10-27 23:30:00+00:00,7.85,0.0,0.0,0.0,15.600000000000001,100.0,77.5
2025-10-27 23:45:00+00:00,7.925,0.0,0.0,0.0,15.0,100.0,77.25
2025-10-28 00:00:00+00:00,8.0,0.0,0.0,0.0,14.4,100.0,77.0
2025-10-28 00:15:00+00:00,8.0,0.0,0.0,0.0,13.7,100.0,78.0
2025-10-28 00:30:00+00:00,8.0,0.0,0.0,0.0,13.0,100.0,79.0
2025-10-28 00:45:00+00:00,8.0,0.0,0.0,0.0,12.3,100.0,80.0
2025-10-28 01:00:00+00:00,8.0,0.0,0.0,0.0,11.6,100.0,81.0
2025-10-28 01:15:00+00:00,8.0,0.0,0.0,0.0,11.3,100.0,81.5
2025-10-28 01:30:00+00:00,8.0,0.0,0.0,0.0,11.0,100.0,82.0
2025-10-28 01:45:00+00:00,8.0,0.0,0.0,0.0,10.7,100.0,82.5
2025-10-28 02:00:00+00:00,8.0,0.0,0.0,0.0,10.4,100.0,83.0
2025-10-28 02:15:00+00:00,8.0,0.0,0.0,0.0,10.7,100.0,83.5
2025-10-28 02:30:00+00:00,8.0,0.0,0.0,0.0,11.0,100.0,84.0
2025-10-28 02:45:00+00:00,8.0,0.0,0.0,0.0,11.3,100.0,84.5
2025-10-28 03:00:00+00:00,8.0,0.0,0.0,0.0,11.6,93.0,85.0
2025-10-28 03:15:00+00:00,7.9,0.0,0.0,0.0,11.85,93.0,85.5
2025-10-28 03:30:00+00:00,7.8,0.0,0.0,0.0,12.1,93.0,86.0
2025-10-28 03:45:00+00:00,7.699999999999999,0.0,0.0,0.0,12.35,93.0,86.5
2025-10-28 04:00:00+00:00,7.6,0.0,0.0,0.0,12.6,65.0,87.0
2025-10-28 04:15:00+00:00,7.5,0.0,0.0,0.0,12.8,65.0,87.0
2025-10-28 04:30:00+00:00,7.4,0.0,0.0,0.0,13.0,65.0,87.0
2025-10-28 04:45:00+00:00,7.3,0.0,0.0,0.0,13.2,65.0,87.0
2025-10-28 05:00:00+00:00,7.2,0.0,0.0,0.0,13.4,27.0,87.0
2025-10-28 05:15:00+00:00,7.225,0.0,0.0,0.0,13.7,27.0,86.25
2025-10-28 05:30:00+00:00,7.25,0.0,0.0,0.0,14.0,27.0,85.5
2025-10-28 05:45:00+00:00,7.275,0.0,0.0,0.0,14.3,27.0,84.75
2025-10-28 06:00:00+00:00,7.3,24.0,94.0,15.0,14.6,0.0,84.0
2025-10-28 06:15:00+00:00,7.625,24.0,94.0,15.0,15.0,0.0,82.0
2025-10-28 06:30:00+00:00,7.949999999999999,24.0,94.0,15.0,15.399999999999999,0.0,80.0
2025-10-28 06:45:00+00:00,8.275,24.0,94.0,15.0,15.799999999999999,0.0,78.0
2025-10-28 07:00:00+00:00,8.6,113.0,312.6,52.0,16.2,0.0,76.0
2025-10-28 07:15:00+00:00,9.05,113.0,312.6,52.0,16.625,0.0,73.25
2025-10-28 07:30:00+00:00,9.5,113.0,312.6,52.0,17.049999999999997,0.0,70.5
2025-10-28 07:45:00+00:00,9.95,113.0,312.6,52.0,17.474999999999998,0.0,67.75
2025-10-28 08:00:00+00:00,10.4,247.0,511.8,78.0,17.9,0.0,65.0
2025-10-28 08:15:00+00:00,10.775,247.0,511.8,78.0,18.325,0.0,63.0
2025-10-28 08:30:00+00:00,11.15,247.0,511.8,78.0,18.75,0.0,61.0
2025-10-28 08:45:00+00:00,11.525,247.0,511.8,78.0,19.175,0.0,59.0
2025-10-28 09:00:00+00:00,11.9,376.0,658.1,92.0,19.6,0.0,57.0
2025-10-28 09:15:00+00:00,12.125,376.0,658.1,92.0,20.075000000000003,0.0,55.75
2025-10-28 09:30:00+00:00,12.350000000000001,376.0,658.1,92.0,20.55,0.0,54.5
2025-10-28 09:45:00+00:00,12.575000000000001,376.0,658.1,92.0,21.025,0.0,53.25
2025-10-28 10:00:00+00:00,12.8,447.0,705.1,100.0,21.5,13.0,52.0
2025-10-28 10:15:00+00:00,12.950000000000001,447.0,705.1,100.0,21.975,13.0,51.0
2025-10-28 10:30:00+00:00,13.100000000000001,447.0,705.1,100.0,22.45,13.0,50.0
2025-10-28 10:45:00+00:00,13.25,447.0,705.1,100.0,22.924999999999997,13.0,49.0
2025-10-28 11:00:00+00:00,13.4,458.0,696.9,104.0,23.4,30.0,48.0
2025-10-28 11:15:00+00:00,13.45,458.0,696.9,104.0,23.474999999999998,30.0,47.5
2025-10-28 11:30:00+00:00,13.5,458.0,696.9,104.0,23.549999999999997,30.0,47.0
2025-10-28 11:45:00+00:00,13.55,458.0,696.9,104.0,23.625,30.0,46.5
2025-10-28 12:00:00+00:00,13.6,421.0,671.7,100.0,23.7,39.0,46.0
2025-10-28 12:15:00+00:00,13.55,421.0,671.7,100.0,23.15,39.0,45.75
2025-10-28 12:30:00+00:00,13.5,421.0,671.7,100.0,22.6,39.0,45.5
2025-10-28 12:45:00+00:00,13.45,421.0,671.7,100.0,22.05,39.0,45.25
2025-10-28 13:00:00+00:00,13.4,352.0,641.1,93.0,21.5,30.0,45.0
2025-10-28 13:15:00+00:00,13.25,352.0,641.1,93.0,20.5,30.0,45.0
2025-10-28 13:30:00+00:00,13.100000000000001,352.0,641.1,93.0,19.5,30.0,45.0
2025-10-28 13:45:00+00:00,12.950000000000001,352.0,641.1,93.0,18.5,30.0,45.0
2025-10-28 14:00:00+00:00,12.8,247.0,590.6,75.0,17.5,12.0,45.0
2025-10-28 14:15:00+00:00,12.575000000000001,247.0,590.6,75.0,16.525,12.0,45.75
2025-10-28 14:30:00+00:00,12.350000000000001,247.0,590.6,75.0,15.55,12.0,46.5
2025-10-28 14:45:00+00:00,12.125,247.0,590.6,75.0,14.575,12.0,47.25
2025-10-28 15:00:00+00:00,11.9,114.0,507.2,38.0,13.6,0.0,48.0
2025-10-28 15:15:00+00:00,11.525,114.0,507.2,38.0,12.75,0.0,49.5
2025-10-28 15:30:00+00:00,11.15,114.0,507.2,38.0,11.899999999999999,0.0,51.0
2025-10-28 15:45:00+00:00,10.775,114.0,507.2,38.0,11.049999999999999,0.0,52.5
2025-10-28 16:00:00+00:00,10.4,16.0,142.9,6.0,10.2,2.0,54.0
2025-10-28 16:15:00+00:00,9.925,16.0,142.9,6.0,9.6,2.0,56.25
2025-10-28 16:30:00+00:00,9.45,16.0,142.9,6.0,9.0,2.0,58.5
2025-10-28 16:45:00+00:00,8.975,16.0,142.9,6.0,8.4,2.0,60.75
2025-10-28 17:00:00+00:00,8.5,0.0,0.0,0.0,7.8,10.0,63.0
2025-10-28 17:15:00+00:00,8.15,0.0,0.0,0.0,7.675,10.0,65.25
2025-10-28 17:30:00+00:00,7.8,0.0,0.0,0.0,7.55,10.0,67.5
2025-10-28 17:45:00+00:00,7.449999999999999,0.0,0.0,0.0,7.425,10.0,69.75
2025-10-28 18:00:00+00:00,7.1,0.0,0.0,0.0,7.3,16.0,72.0
2025-10-28 18:15:00+00:00,6.8999999999999995,0.0,0.0,0.0,7.325,16.0,73.25
2025-10-28 18:30:00+00:00,6.699999999999999,0.0,0.0,0.0,7.35,16.0,74.5
2025-10-28 18:45:00+00:00,6.5,0.0,0.0,0.0,7.375,16.0,75.75
2025-10-28 19:00:00+00:00,6.3,0.0,0.0,0.0,7.4,18.0,77.0
2025-10-28 19:15:00+00:00,6.2,0.0,0.0,0.0,7.375,18.0,77.75
2025-10-28 19:30:00+00:00,6.1,0.0,0.0,0.0,7.35,18.0,78.5
2025-10-28 19:45:00+00:00,6.0,0.0,0.0,0.0,7.325,18.0,79.25
2025-10-28 20:00:00+00:00,5.9,0.0,0.0,0.0,7.3,19.0,80.0
2025-10-28 20:15:00+00:00,5.825,0.0,0.0,0.0,7.25,19.0,80.25
2025-10-28 20:30:00+00:00,5.75,0.0,0.0,0.0,7.199999999999999,19.0,80.5
2025-10-28 20:45:00+00:00,5.675,0.0,0.0,0.0,7.1499999999999995,19.0,80.75
2025-10-28 21:00:00+00:00,5.6,0.0,0.0,0.0,7.1,18.0,81.0
2025-10-28 21:15:00+00:00,5.55,0.0,0.0,0.0,7.1,18.0,81.25
2025-10-28 21:30:00+00:00,5.5,0.0,0.0,0.0,7.1,18.0,81.5
2025-10-28 21:45:00+00:00,5.45,0.0,0.0,0.0,7.1,18.0,81.75
2025-10-28 22:00:00+00:00,5.4,0.0,0.0,0.0,7.1,13.0,82.0
2025-10-28 22:15:00+00:00,5.375,0.0,0.0,0.0,7.225,13.0,81.75
2025-10-28 22:30:00+00:00,5.35,0.0,0.0,0.0,7.35,13.0,81.5
2025-10-28 22:45:00+00:00,5.325,0.0,0.0,0.0,7.475,13.0,81.25
2025-10-28 23:00:00+00:00,5.3,0.0,0.0,0.0,7.6,5.0,81.0
2025-10-28 23:15:00+00:00,5.3,0.0,0.0,0.0,7.875,5.0,81.0
2025-10-28 23:30:00+00:00,5.3,0.0,0.0,0.0,8.149999999999999,5.0,81.0
2025-10-28 23:45:00+00:00,5.3,0.0,0.0,0.0,8.424999999999999,5.0,81.0
2025-10-29 00:00:00+00:00,5.3,0.0,0.0,0.0,8.7,0.0,81.0
2025-10-29 00:15:00+00:00,5.325,0.0,0.0,0.0,9.075,0.0,81.0
2025-10-29 00:30:00+00:00,5.35,0.0,0.0,0.0,9.45,0.0,81.0
2025-10-29 00:45:00+00:00,5.375,0.0,0.0,0.0,9.825,0.0,81.0
2025-10-29 01:00:00+00:00,5.4,0.0,0.0,0.0,10.2,0.0,81.0
2025-10-29 01:15:00+00:00,5.425000000000001,0.0,0.0,0.0,10.575,0.0,81.25
2025-10-29 01:30:00+00:00,5.45,0.0,0.0,0.0,10.95,0.0,81.5
2025-10-29 01:45:00+00:00,5.475,0.0,0.0,0.0,11.325,0.0,81.75
2025-10-29 02:00:00+00:00,5.5,0.0,0.0,0.0,11.7,0.0,82.0
2025-10-29 02:15:00+00:00,5.55,0.0,0.0,0.0,12.024999999999999,0.0,82.0
2025-10-29 02:30:00+00:00,5.6,0.0,0.0,0.0,12.35,0.0,82.0
2025-10-29 02:45:00+00:00,5.65,0.0,0.0,0.0,12.675,0.0,82.0
2025-10-29 03:00:00+00:00,5.7,0.0,0.0,0.0,13.0,1.0,82.0
2025-10-29 03:15:00+00:00,5.675,0.0,0.0,0.0,13.225,1.0,82.0
2025-10-29 03:30:00+00:00,5.65,0.0,0.0,0.0,13.45,1.0,82.0
2025-10-29 03:45:00+00:00,5.625,0.0,0.0,0.0,13.675,1.0,82.0
2025-10-29 04:00:00+00:00,5.6,0.0,0.0,0.0,13.9,1.0,82.0
2025-10-29 04:15:00+00:00,5.574999999999999,0.0,0.0,0.0,14.1,1.0,81.75
2025-10-29 04:30:00+00:00,5.55,0.0,0.0,0.0,14.3,1.0,81.5
2025-10-29 04:45:00+00:00,5.525,0.0,0.0,0.0,14.5,1.0,81.25
2025-10-29 05:00:00+00:00,5.5,0.0,0.0,0.0,14.7,1.0,81.0
2025-10-29 05:15:00+00:00,5.675,0.0,0.0,0.0,14.75,1.0,80.0
2025-10-29 05:30:00+00:00,5.85,0.0,0.0,0.0,14.8,1.0,79.0
2025-10-29 05:45:00+00:00,6.025,0.0,0.0,0.0,14.85,1.0,78.0
2025-10-29 06:00:00+00:00,6.2,21.0,96.1,12.0,14.9,2.0,77.0
2025-10-29 06:15:00+00:00,6.7250000000000005,21.0,96.1,12.0,14.725,2.0,75.0
2025-10-29 06:30:00+00:00,7.25,21.0,96.1,12.0,14.55,2.0,73.0
2025-10-29 06:45:00+00:00,7.775,21.0,96.1,12.0,14.375,2.0,71.0
2025-10-29 07:00:00+00:00,8.3,105.0,319.8,44.0,14.2,1.0,69.0
2025-10-29 07:15:00+00:00,9.0,105.0,319.8,44.0,13.899999999999999,1.0,66.5
2025-10-29 07:30:00+00:00,9.7,105.0,319.8,44.0,13.6,1.0,64.0
2025-10-29 07:45:00+00:00,10.4,105.0,319.8,44.0,13.3,1.0,61.5
2025-10-29 08:00:00+00:00,11.1,240.0,519.0,71.0,13.0,0.0,59.0
2025-10-29 08:15:00+00:00,11.725,240.0,519.0,71.0,12.775,0.0,56.75
2025-10-29 08:30:00+00:00,12.35,240.0,519.0,71.0,12.55,0.0,54.5
2025-10-29 08:45:00+00:00,12.975,240.0,519.0,71.0,12.325,0.0,52.25
2025-10-29 09:00:00+00:00,13.6,376.0,674.9,88.0,12.1,8.0,50.0
2025-10-29 09:15:00+00:00,14.15,376.0,674.9,88.0,12.05,8.0,48.0
2025-10-29 09:30:00+00:00,14.7,376.0,674.9,88.0,12.0,8.0,46.0
2025-10-29 09:45:00+00:00,15.25,376.0,674.9,88.0,11.95,8.0,44.0
2025-10-29 10:00:00+00:00,15.8,462.0,755.3,94.0,11.9,32.0,42.0
2025-10-29 10:15:00+00:00,16.25,462.0,755.3,94.0,11.975,32.0,40.25
2025-10-29 10:30:00+00:00,16.700000000000003,462.0,755.3,94.0,12.05,32.0,38.5
2025-10-29 10:45:00+00:00,17.150000000000002,462.0,755.3,94.0,12.125,32.0,36.75
2025-10-29 11:00:00+00:00,17.6,489.0,795.2,89.0,12.2,64.0,35.0
2025-10-29 11:15:00+00:00,17.85,489.0,795.2,89.0,12.149999999999999,64.0,34.0
2025-10-29 11:30:00+00:00,18.1,489.0,795.2,89.0,12.1,64.0,33.0
2025-10-29 11:45:00+00:00,18.35,489.0,795.2,89.0,12.05,64.0,32.0
2025-10-29 12:00:00+00:00,18.6,460.0,795.1,84.0,12.0,89.0,31.0
2025-10-29 12:15:00+00:00,18.5,460.0,795.1,84.0,11.775,89.0,31.25
2025-10-29 12:30:00+00:00,18.4,460.0,795.1,84.0,11.55,89.0,31.5
2025-10-29 12:45:00+00:00,18.3,460.0,795.1,84.0,11.325,89.0,31.75
2025-10-29 13:00:00+00:00,18.2,382.0,754.3,81.0,11.1,98.0,32.0
2025-10-29 13:15:00+00:00,17.875,382.0,754.3,81.0,10.725,98.0,32.5
2025-10-29 13:30:00+00:00,17.549999999999997,382.0,754.3,81.0,10.35,98.0,33.0
2025-10-29 13:45:00+00:00,17.224999999999998,382.0,754.3,81.0,9.975,98.0,33.5
2025-10-29 14:00:00+00:00,16.9,262.0,673.9,69.0,9.6,99.0,34.0
2025-10-29 14:15:00+00:00,16.549999999999997,262.0,673.9,69.0,9.45,99.0,35.0
2025-10-29 14:30:00+00:00,16.2,262.0,673.9,69.0,9.3,99.0,36.0
2025-10-29 14:45:00+00:00,15.85,262.0,673.9,69.0,9.15,99.0,37.0
2025-10-29 15:00:00+00:00,15.5,118.0,542.8,38.0,9.0,99.0,38.0
2025-10-29 15:15:00+00:00,15.125,118.0,542.8,38.0,9.05,99.0,39.5
2025-10-29 15:30:00+00:00,14.75,118.0,542.8,38.0,9.1,99.0,41.0
2025-10-29 15:45:00+00:00,14.375,118.0,542.8,38.0,9.149999999999999,99.0,42.5
2025-10-29 16:00:00+00:00,14.0,16.0,132.9,7.0,9.2,100.0,44.0
2025-10-29 16:15:00+00:00,13.575,16.0,132.9,7.0,9.325,100.0,46.0
2025-10-29 16:30:00+00:00,13.15,16.0,132.9,7.0,9.45,100.0,48.0
2025-10-29 16:45:00+00:00,12.725000000000001,16.0,132.9,7.0,9.575,100.0,50.0
2025-10-29 17:00:00+00:00,12.3,0.0,0.0,0.0,9.7,100.0,52.0
2025-10-29 17:15:00+00:00,11.975000000000001,0.0,0.0,0.0,9.85,100.0,54.0
2025-10-29 17:30:00+00:00,11.65,0.0,0.0,0.0,10.0,100.0,56.0
2025-10-29 17:45:00+00:00,11.325,0.0,0.0,0.0,10.15,100.0,58.0
2025-10-29 18:00:00+00:00,11.0,0.0,0.0,0.0,10.3,100.0,60.0
2025-10-29 18:15:00+00:00,10.8,0.0,0.0,0.0,10.5,100.0,61.25
2025-10-29 18:30:00+00:00,10.6,0.0,0.0,0.0,10.7,100.0,62.5
2025-10-29 18:45:00+00:00,10.399999999999999,0.0,0.0,0.0,10.9,100.0,63.75
2025-10-29 19:00:00+00:00,10.2,0.0,0.0,0.0,11.1,70.0,65.0
2025-10-29 19:15:00+00:00,10.1,0.0,0.0,0.0,11.3,70.0,65.75
2025-10-29 19:30:00+00:00,10.0,0.0,0.0,0.0,11.5,70.0,66.5
2025-10-29 19:45:00+00:00,9.9,0.0,0.0,0.0,11.7,70.0,67.25
2025-10-29 20:00:00+00:00,9.8,0.0,0.0,0.0,11.9,29.0,68.0
2025-10-29 20:15:00+00:00,9.725000000000001,0.0,0.0,0.0,12.1,29.0,68.5
2025-10-29 20:30:00+00:00,9.65,0.0,0.0,0.0,12.3,29.0,69.0
2025-10-29 20:45:00+00:00,9.575,0.0,0.0,0.0,12.5,29.0,69.5
2025-10-29 21:00:00+00:00,9.5,0.0,0.0,0.0,12.7,0.0,70.0
2025-10-29 21:15:00+00:00,9.425,0.0,0.0,0.0,12.799999999999999,0.0,70.5
2025-10-29 21:30:00+00:00,9.35,0.0,0.0,0.0,12.899999999999999,0.0,71.0
2025-10-29 21:45:00+00:00,9.274999999999999,0.0,0.0,0.0,13.0,0.0,71.5
2025-10-29 22:00:00+00:00,9.2,0.0,0.0,0.0,13.1,0.0,72.0
2025-10-29 22:15:00+00:00,9.149999999999999,0.0,0.0,0.0,13.15,0.0,72.25
2025-10-29 22:30:00+00:00,9.1,0.0,0.0,0.0,13.2,0.0,72.5
2025-10-29 22:45:00+00:00,9.05,0.0,0.0,0.0,13.25,0.0,72.75
2025-10-29 23:00:00+00:00,9.0,0.0,0.0,0.0,13.3,2.0,73.0
2025-10-29 23:15:00+00:00,8.95,0.0,0.0,0.0,13.325000000000001,2.0,73.25
2025-10-29 23:30:00+00:00,8.9,0.0,0.0,0.0,13.350000000000001,2.0,73.5
2025-10-29 23:45:00+00:00,8.850000000000001,0.0,0.0,0.0,13.375,2.0,73.75
2025-10-30 00:00:00+00:00,8.8,0.0,0.0,0.0,13.4,11.0,74.0
2025-10-30 00:15:00+00:00,8.75,0.0,0.0,0.0,13.425,11.0,74.0
2025-10-30 00:30:00+00:00,8.7,0.0,0.0,0.0,13.45,11.0,74.0
2025-10-30 00:45:00+00:00,8.65,0.0,0.0,0.0,13.475,11.0,74.0
2025-10-30 01:00:00+00:00,8.6,0.0,0.0,0.0,13.5,20.0,74.0
2025-10-30 01:15:00+00:00,8.55,0.0,0.0,0.0,13.55,20.0,74.25
2025-10-30 01:30:00+00:00,8.5,0.0,0.0,0.0,13.6,20.0,74.5
2025-10-30 01:45:00+00:00,8.45,0.0,0.0,0.0,13.649999999999999,20.0,74.75
2025-10-30 02:00:00+00:00,8.4,0.0,0.0,0.0,13.7,32.0,75.0
2025-10-30 02:15:00+00:00,8.35,0.0,0.0,0.0,13.7,32.0,75.25
2025-10-30 02:30:00+00:00,8.3,0.0,0.0,0.0,13.7,32.0,75.5
2025-10-30 02:45:00+00:00,8.25,0.0,0.0,0.0,13.7,32.0,75.75
2025-10-30 03:00:00+00:00,8.2,0.0,0.0,0.0,13.7,45.0,76.0
2025-10-30 03:15:00+00:00,8.174999999999999,0.0,0.0,0.0,13.7,45.0,76.0
2025-10-30 03:30:00+00:00,8.149999999999999,0.0,0.0,0.0,13.7,45.0,76.0
2025-10-30 03:45:00+00:00,8.125,0.0,0.0,0.0,13.7,45.0,76.0
2025-10-30 04:00:00+00:00,8.1,0.0,0.0,0.0,13.7,60.0,76.0
2025-10-30 04:15:00+00:00,8.075,0.0,0.0,0.0,13.674999999999999,60.0,76.25
2025-10-30 04:30:00+00:00,8.05,0.0,0.0,0.0,13.649999999999999,60.0,76.5
2025-10-30 04:45:00+00:00,8.025,0.0,0.0,0.0,13.625,60.0,76.75
2025-10-30 05:00:00+00:00,8.0,0.0,0.0,0.0,13.6,77.0,77.0
2025-10-30 05:15:00+00:00,7.975,0.0,0.0,0.0,13.6,77.0,77.0
2025-10-30 05:30:00+00:00,7.95,0.0,0.0,0.0,13.6,77.0,77.0
2025-10-30 05:45:00+00:00,7.925000000000001,0.0,0.0,0.0,13.6,77.0,77.0
2025-10-30 06:00:00+00:00,7.9,18.0,65.6,12.0,13.6,88.0,77.0
2025-10-30 06:15:00+00:00,8.15,18.0,65.6,12.0,13.9,88.0,71.25
2025-10-30 06:30:00+00:00,8.4,18.0,65.6,12.0,14.2,88.0,65.5
2025-10-30 06:45:00+00:00,8.65,18.0,65.6,12.0,14.5,88.0,59.75
2025-10-30 07:00:00+00:00,8.9,81.0,193.1,45.0,14.8,89.0,54.0
2025-10-30 07:15:00+00:00,9.4,81.0,193.1,45.0,14.925,89.0,52.75
2025-10-30 07:30:00+00:00,9.9,81.0,193.1,45.0,15.05,89.0,51.5
2025-10-30 07:45:00+00:00,10.4,81.0,193.1,45.0,15.175,89.0,50.25
2025-10-30 08:00:00+00:00,10.9,171.0,289.7,78.0,15.3,73.0,49.0
2025-10-30 08:15:00+00:00,11.5,171.0,289.7,78.0,15.375,73.0,47.5
2025-10-30 08:30:00+00:00,12.100000000000001,171.0,289.7,78.0,15.45,73.0,46.0
2025-10-30 08:45:00+00:00,12.700000000000001,171.0,289.7,78.0,15.525,73.0,44.5
2025-10-30 09:00:00+00:00,13.3,271.0,405.2,100.0,15.6,55.0,43.0
2025-10-30 09:15:00+00:00,13.875,271.0,405.2,100.0,15.7,55.0,41.75
2025-10-30 09:30:00+00:00,14.45,271.0,405.2,100.0,15.8,55.0,40.5
2025-10-30 09:45:00+00:00,15.025,271.0,405.2,100.0,15.9,55.0,39.25
2025-10-30 10:00:00+00:00,15.6,362.0,518.3,112.0,16.0,37.0,38.0
2025-10-30 10:15:00+00:00,16.05,362.0,518.3,112.0,16.1,37.0,37.25
2025-10-30 10:30:00+00:00,16.5,362.0,518.3,112.0,16.2,37.0,36.5
2025-10-30 10:45:00+00:00,16.95,362.0,518.3,112.0,16.299999999999997,37.0,35.75
2025-10-30 11:00:00+00:00,17.4,420.0,614.4,114.0,16.4,21.0,35.0
2025-10-30 11:15:00+00:00,17.625,420.0,614.4,114.0,16.5,21.0,34.75
2025-10-30 11:30:00+00:00,17.85,420.0,614.4,114.0,16.6,21.0,34.5
2025-10-30 11:45:00+00:00,18.075,420.0,614.4,114.0,16.7,21.0,34.25
2025-10-30 12:00:00+00:00,18.3,423.0,675.3,107.0,16.8,12.0,34.0
2025-10-30 12:15:00+00:00,18.275,423.0,675.3,107.0,16.85,12.0,34.25
2025-10-30 12:30:00+00:00,18.25,423.0,675.3,107.0,16.9,12.0,34.5
2025-10-30 12:45:00+00:00,18.225,423.0,675.3,107.0,16.95,12.0,34.75
2025-10-30 13:00:00+00:00,18.2,365.0,700.2,89.0,17.0,9.0,35.0
2025-10-30 13:15:00+00:00,18.0,365.0,700.2,89.0,17.0,9.0,35.75
2025-10-30 13:30:00+00:00,17.799999999999997,365.0,700.2,89.0,17.0,9.0,36.5
2025-10-30 13:45:00+00:00,17.599999999999998,365.0,700.2,89.0,17.0,9.0,37.25
2025-10-30 14:00:00+00:00,17.4,259.0,695.9,63.0,17.0,11.0,38.0
2025-10-30 14:15:00+00:00,17.049999999999997,259.0,695.9,63.0,16.95,11.0,39.0
2025-10-30 14:30:00+00:00,16.7,259.0,695.9,63.0,16.9,11.0,40.0
2025-10-30 14:45:00+00:00,16.35,259.0,695.9,63.0,16.85,11.0,41.0
2025-10-30 15:00:00+00:00,16.0,124.0,641.6,31.0,16.8,15.0,42.0
2025-10-30 15:15:00+00:00,15.625,124.0,641.6,31.0,16.775,15.0,43.25
2025-10-30 15:30:00+00:00,15.25,124.0,641.6,31.0,16.75,15.0,44.5
2025-10-30 15:45:00+00:00,14.875,124.0,641.6,31.0,16.725,15.0,45.75
2025-10-30 16:00:00+00:00,14.5,19.0,213.8,5.0,16.7,21.0,47.0
2025-10-30 16:15:00+00:00,14.15,19.0,213.8,5.0,16.65,21.0,48.25
2025-10-30 16:30:00+00:00,13.8,19.0,213.8,5.0,16.6,21.0,49.5
2025-10-30 16:45:00+00:00,13.45,19.0,213.8,5.0,16.55,21.0,50.75
2025-10-30 17:00:00+00:00,13.1,0.0,0.0,0.0,16.5,28.0,52.0
2025-10-30 17:15:00+00:00,12.85,0.0,0.0,0.0,16.45,28.0,53.0
2025-10-30 17:30:00+00:00,12.6,0.0,0.0,0.0,16.4,28.0,54.0
2025-10-30 17:45:00+00:00,12.35,0.0,0.0,0.0,16.35,28.0,55.0
2025-10-30 18:00:00+00:00,12.1,0.0,0.0,0.0,16.3,33.0,56.0
2025-10-30 18:15:00+00:00,11.95,0.0,0.0,0.0,16.25,33.0,56.5
2025-10-30 18:30:00+00:00,11.8,0.0,0.0,0.0,16.200000000000003,33.0,57.0
2025-10-30 18:45:00+00:00,11.65,0.0,0.0,0.0,16.150000000000002,33.0,57.5
2025-10-30 19:00:00+00:00,11.5,0.0,0.0,0.0,16.1,37.0,58.0
2025-10-30 19:15:00+00:00,11.375,0.0,0.0,0.0,16.025000000000002,37.0,58.5
2025-10-30 19:30:00+00:00,11.25,0.0,0.0,0.0,15.950000000000001,37.0,59.0
2025-10-30 19:45:00+00:00,11.125,0.0,0.0,0.0,15.875,37.0,59.5
2025-10-30 20:00:00+00:00,11.0,0.0,0.0,0.0,15.8,42.0,60.0
2025-10-30 20:15:00+00:00,10.9,0.0,0.0,0.0,15.725000000000001,42.0,60.0
2025-10-30 20:30:00+00:00,10.8,0.0,0.0,0.0,15.65,42.0,60.0
2025-10-30 20:45:00+00:00,10.7,0.0,0.0,0.0,15.575,42.0,60.0
2025-10-30 21:00:00+00:00,10.6,0.0,0.0,0.0,15.5,46.0,60.0
2025-10-30 21:15:00+00:00,10.525,0.0,0.0,0.0,15.375,46.0,60.25
2025-10-30 21:30:00+00:00,10.45,0.0,0.0,0.0,15.25,46.0,60.5
2025-10-30 21:45:00+00:00,10.375,0.0,0.0,0.0,15.125,46.0,60.75
2025-10-30 22:00:00+00:00,10.3,0.0,0.0,0.0,15.0,51.0,61.0
2025-10-30 22:15:00+00:00,10.25,0.0,0.0,0.0,14.925,51.0,61.0
2025-10-30 22:30:00+00:00,10.2,0.0,0.0,0.0,14.85,51.0,61.0
2025-10-30 22:45:00+00:00,10.15,0.0,0.0,0.0,14.774999999999999,51.0,61.0
2025-10-30 23:00:00+00:00,10.1,0.0,0.0,0.0,14.7,57.0,61.0
2025-10-30 23:15:00+00:00,10.1,0.0,0.0,0.0,14.7,57.0,61.0
2025-10-30 23:30:00+00:00,10.1,0.0,0.0,0.0,14.7,57.0,61.0
2025-10-30 23:45:00+00:00,10.1,0.0,0.0,0.0,14.7,57.0,61.0
