,delivery_start_local,delivery_end_local,market_hour,production_kw,energy_kwh,q10,q25,q50,q75,q90,energy_p10_kwh,energy_p90_kwh,forecast_uncertainty,relative_uncertainty
2025-10-24 22:00:00+00:00,2025-10-25 00:00:00+02:00,2025-10-25 01:00:00+02:00,1,0.0,0.0,0.0,0.0,0.0,0.0,0.0,0.0,0.0,0.0,0.0
2025-10-24 23:00:00+00:00,2025-10-25 01:00:00+02:00,2025-10-25 02:00:00+02:00,2,0.0,0.0,0.0,0.0,0.0,0.0,0.0,0.0,0.0,0.0,0.0
2025-10-25 00:00:00+00:00,2025-10-25 02:00:00+02:00,2025-10-25 03:00:00+02:00,3,0.0,0.0,0.0,0.0,0.0,0.0,0.0,0.0,0.0,0.0,0.0
2025-10-25 01:00:00+00:00,2025-10-25 03:00:00+02:00,2025-10-25 04:00:00+02:00,4,0.0,0.0,0.0,0.0,0.0,0.0,0.0,0.0,0.0,0.0,0.0
2025-10-25 02:00:00+00:00,2025-10-25 04:00:00+02:00,2025-10-25 05:00:00+02:00,5,0.0,0.0,0.0,0.0,0.0,0.0,0.0,0.0,0.0,0.0,0.0
2025-10-25 03:00:00+00:00,2025-10-25 05:00:00+02:00,2025-10-25 06:00:00+02:00,6,0.0,0.0,0.0,0.0,0.0,0.0,0.0,0.0,0.0,0.0,0.0
2025-10-25 04:00:00+00:00,2025-10-25 06:00:00+02:00,2025-10-25 07:00:00+02:00,7,0.0,0.0,0.0,0.0,0.0,0.0,0.0,0.0,0.0,0.0,0.0
2025-10-25 05:00:00+00:00,2025-10-25 07:00:00+02:00,2025-10-25 08:00:00+02:00,8,10.75869635940694,10.75869635940694,9.543860228823906,10.151278294115423,10.75869635940694,11.366114424698457,11.973532489989974,9.543860228823906,11.973532489989974,2.4296722611660684,0.22581234451303686
2025-10-25 06:00:00+00:00,2025-10-25 08:00:00+02:00,2025-10-25 09:00:00+02:00,9,205.5833163304706,205.5833163304706,182.104844948011,193.84408063924081,205.5833163304706,217.32255202170043,229.06178771293023,182.104844948011,229.06178771293023,46.95694276491923,0.22840722290039556
2025-10-25 07:00:00+00:00,2025-10-25 09:00:00+02:00,2025-10-25 10:00:00+02:00,10,924.6859922427532,924.6859922427532,817.6632756039867,871.1746339233698,924.6859922427532,978.1973505621363,1031.7087088815197,817.6632756039866,1031.7087088815194,214.045433277533,0.2314787977695925
2025-10-25 08:00:00+00:00,2025-10-25 10:00:00+02:00,2025-10-25 11:00:00+02:00,11,1337.7937439044222,1337.7937439044222,1005.4501365078714,1171.6219402061467,1337.7937439044222,1503.9655476026974,1670.1373513009728,1005.4501365078714,1670.1373513009728,664.6872147931014,0.49685291246785573
2025-10-25 09:00:00+00:00,2025-10-25 11:00:00+02:00,2025-10-25 12:00:00+02:00,12,871.5258039767207,871.5258039767207,619.1746002396619,745.3502021081912,871.5258039767207,997.7014058452501,1123.8770077137794,619.1746002396619,1123.8770077137797,504.70240747411754,0.5791014173875009
2025-10-25 10:00:00+00:00,2025-10-25 12:00:00+02:00,2025-10-25 13:00:00+02:00,13,713.5978025447462,713.5978025447462,500.6265449642171,607.1121737544815,713.5978025447462,820.0834313350107,926.5690601252752,500.6265449642171,926.5690601252752,425.9425151610581,0.5968935396781996
2025-10-25 11:00:00+00:00,2025-10-25 13:00:00+02:00,2025-10-25 14:00:00+02:00,14,886.5380446028132,886.5380446028132,657.1544637411998,771.8462541720065,886.5380446028132,1001.22983503362,1115.9216254644266,657.1544637412,1115.9216254644266,458.76716172322676,0.5174810568312458
2025-10-25 12:00:00+00:00,2025-10-25 14:00:00+02:00,2025-10-25 15:00:00+02:00,15,827.4269196095879,827.4269196095879,595.061813678089,711.2443666438385,827.4269196095879,943.6094725753373,1059.7920255410868,595.0618136780889,1059.7920255410868,464.73021186299775,0.5616564305471771
2025-10-25 13:00:00+00:00,2025-10-25 15:00:00+02:00,2025-10-25 16:00:00+02:00,16,518.7298142114172,518.7298142114172,350.0408207444819,434.38531747794957,518.7298142114172,603.0743109448848,687.4188076783524,350.0408207444819,687.4188076783526,337.37798693387055,0.650391258222741
2025-10-25 14:00:00+00:00,2025-10-25 16:00:00+02:00,2025-10-25 17:00:00+02:00,17,316.3344441466903,316.3344441466903,213.24874727698352,264.7915957118369,316.3344441466903,367.87729258154366,419.42014101639705,213.24874727698352,419.42014101639705,206.17139373941353,0.651749266654445
2025-10-25 15:00:00+00:00,2025-10-25 17:00:00+02:00,2025-10-25 18:00:00+02:00,18,135.12904817658202,135.12904817658202,93.23868702281656,114.1838675996993,135.12904817658202,156.07422875346475,177.0194093303475,93.23868702281655,177.01940933034746,83.78072230753092,0.6200006840673212
2025-10-25 16:00:00+00:00,2025-10-25 18:00:00+02:00,2025-10-25 19:00:00+02:00,19,8.561396634092132,8.561396634092132,7.448415071660155,8.004905852876144,8.561396634092132,9.11788741530812,9.674378196524108,7.448415071660155,9.674378196524108,2.225963124863953,0.25996963466992806
2025-10-25 17:00:00+00:00,2025-10-25 19:00:00+02:00,2025-10-25 20:00:00+02:00,20,0.0,0.0,0.0,0.0,0.0,0.0,0.0,0.0,0.0,0.0,0.0
2025-10-25 18:00:00+00:00,2025-10-25 20:00:00+02:00,2025-10-25 21:00:00+02:00,21,0.0,0.0,0.0,0.0,0.0,0.0,0.0,0.0,0.0,0.0,0.0
2025-10-25 19:00:00+00:00,2025-10-25 21:00:00+02:00,2025-10-25 22:00:00+02:00,22,0.0,0.0,0.0,0.0,0.0,0.0,0.0,0.0,0.0,0.0,0.0
2025-10-25 20:00:00+00:00,2025-10-25 22:00:00+02:00,2025-10-25 23:00:00+02:00,23,0.0,0.0,0.0,0.0,0.0,0.0,0.0,0.0,0.0,0.0,0.0
2025-10-25 21:00:00+00:00,2025-10-25 23:00:00+02:00,2025-10-26 00:00:00+02:00,24,0.0,0.0,0.0,0.0,0.0,0.0,0.0,0.0,0.0,0.0,0.0
2025-10-25 22:00:00+00:00,2025-10-26 00:00:00+02:00,2025-10-26 01:00:00+02:00,1,0.0,0.0,0.0,0.0,0.0,0.0,0.0,0.0,0.0,0.0,0.0
2025-10-25 23:00:00+00:00,2025-10-26 01:00:00+02:00,2025-10-26 02:00:00+02:00,2,0.0,0.0,0.0,0.0,0.0,0.0,0.0,0.0,0.0,0.0,0.0
2025-10-26 00:00:00+00:00,2025-10-26 02:00:00+02:00,2025-10-26 02:00:00+01:00,3,0.0,0.0,0.0,0.0,0.0,0.0,0.0,0.0,0.0,0.0,0.0
2025-10-26 01:00:00+00:00,2025-10-26 02:00:00+01:00,2025-10-26 03:00:00+01:00,3,0.0,0.0,0.0,0.0,0.0,0.0,0.0,0.0,0.0,0.0,0.0
2025-10-26 02:00:00+00:00,2025-10-26 03:00:00+01:00,2025-10-26 04:00:00+01:00,4,0.0,0.0,0.0,0.0,0.0,0.0,0.0,0.0,0.0,0.0,0.0
2025-10-26 03:00:00+00:00,2025-10-26 04:00:00+01:00,2025-10-26 05:00:00+01:00,5,0.0,0.0,0.0,0.0,0.0,0.0,0.0,0.0,0.0,0.0,0.0
2025-10-26 04:00:00+00:00,2025-10-26 05:00:00+01:00,2025-10-26 06:00:00+01:00,6,0.0,0.0,0.0,0.0,0.0,0.0,0.0,0.0,0.0,0.0,0.0
2025-10-26 05:00:00+00:00,2025-10-26 06:00:00+01:00,2025-10-26 07:00:00+01:00,7,0.13535575891531654,0.13535575891531654,0.089778134946872,0.11256694693109427,0.13535575891531654,0.15814457089953882,0.18093338288376107,0.089778134946872,0.18093338288376107,0.09115524793688906,0.6685104366842389
2025-10-26 06:00:00+00:00,2025-10-26 07:00:00+01:00,2025-10-26 08:00:00+01:00,8,2.4577793830735652,2.4577793830735652,1.6287289105910272,2.0432541468322962,2.4577793830735652,2.8723046193148343,3.2868298555561033,1.6287289105910272,3.2868298555561033,1.658100944965076,0.6743593818866289
2025-10-26 07:00:00+00:00,2025-10-26 08:00:00+01:00,2025-10-26 09:00:00+01:00,9,15.719010671003321,15.719010671003321,10.405655397691628,13.062333034347475,15.719010671003321,18.375688307659168,21.032365944315014,10.405655397691628,21.03236594431501,10.626710546623386,0.6759989397605888
2025-10-26 08:00:00+00:00,2025-10-26 09:00:00+01:00,2025-10-26 10:00:00+01:00,10,21.027059318107128,21.027059318107128,13.904338110183911,17.465698714145518,21.027059318107128,24.588419922068734,28.149780526030344,13.904338110183913,28.149780526030344,14.245442415846433,0.6774492215541628
2025-10-26 09:00:00+00:00,2025-10-26 10:00:00+01:00,2025-10-26 11:00:00+01:00,11,28.312215657777607,28.312215657777607,18.69966737016998,23.505941513973795,28.312215657777607,33.11848980158142,37.92476394538523,18.69966737016998,37.92476394538523,19.22509657521525,0.679014945090991
2025-10-26 10:00:00+00:00,2025-10-26 11:00:00+01:00,2025-10-26 12:00:00+01:00,12,29.606317778079074,29.606317778079074,19.531162850323007,24.56874031420104,29.606317778079074,34.643895241957104,39.681472705835134,19.531162850323003,39.681472705835134,20.150309855512127,0.6805854554792258
2025-10-26 11:00:00+00:00,2025-10-26 12:00:00+01:00,2025-10-26 13:00:00+01:00,13,48.73529017680196,48.73529017680196,32.1114239234539,40.423357050127926,48.73529017680196,57.04722330347599,65.35915643015002,32.1114239234539,65.35915643015002,33.247732506696124,0.6821966215746506
2025-10-26 12:00:00+00:00,2025-10-26 13:00:00+01:00,2025-10-26 14:00:00+01:00,14,33.592927309648445,33.592927309648445,22.109488744887738,27.851208027268093,33.592927309648445,39.334646592028804,45.076365874409156,22.109488744887738,45.076365874409156,22.966877129521418,0.6836615712663386
2025-10-26 13:00:00+00:00,2025-10-26 14:00:00+01:00,2025-10-26 15:00:00+01:00,15,18.174916790690272,18.174916790690272,11.947489366736304,15.06120307871329,18.174916790690272,21.288630502667257,24.40234421464424,11.947489366736304,24.402344214644238,12.454854847907937,0.6852394292587942
2025-10-26 14:00:00+00:00,2025-10-26 15:00:00+01:00,2025-10-26 16:00:00+01:00,16,15.502012345383529,15.502012345383529,10.177048047028789,12.839530196206159,15.502012345383529,18.1644944945609,20.82697664373827,10.17704804702879,20.826976643738266,10.649928596709481,0.6869586606425432
2025-10-26 15:00:00+00:00,2025-10-26 16:00:00+01:00,2025-10-26 17:00:00+01:00,17,12.401141733925932,12.401141733925932,8.132022573597293,10.266582153761613,12.401141733925932,14.535701314090252,16.67026089425457,8.132022573597293,16.67026089425457,8.538238320657278,0.6884486973166106
2025-10-26 16:00:00+00:00,2025-10-26 17:00:00+01:00,2025-10-26 18:00:00+01:00,18,1.0073420283626886,1.0073420283626886,0.6599915660132248,0.8336667971879568,1.0073420283626886,1.1810172595374204,1.3546924907121523,0.6599915660132248,1.3546924907121523,0.6947009246989274,0.688953653778529
2025-10-26 17:00:00+00:00,2025-10-26 18:00:00+01:00,2025-10-26 19:00:00+01:00,19,0.0,0.0,0.0,0.0,0.0,0.0,0.0,0.0,0.0,0.0,0.0
2025-10-26 18:00:00+00:00,2025-10-26 19:00:00+01:00,2025-10-26 20:00:00+01:00,20,0.0,0.0,0.0,0.0,0.0,0.0,0.0,0.0,0.0,0.0,0.0
2025-10-26 19:00:00+00:00,2025-10-26 20:00:00+01:00,2025-10-26 21:00:00+01:00,21,0.0,0.0,0.0,0.0,0.0,0.0,0.0,0.0,0.0,0.0,0.0
2025-10-26 20:00:00+00:00,2025-10-26 21:00:00+01:00,2025-10-26 22:00:00+01:00,22,0.0,0.0,0.0,0.0,0.0,0.0,0.0,0.0,0.0,0.0,0.0
2025-10-26 21:00:00+00:00,2025-10-26 22:00:00+01:00,2025-10-26 23:00:00+01:00,23,0.0,0.0,0.0,0.0,0.0,0.0,0.0,0.0,0.0,0.0,0.0
2025-10-26 22:00:00+00:00,2025-10-26 23:00:00+01:00,2025-10-27 00:00:00+01:00,24,0.0,0.0,0.0,0.0,0.0,0.0,0.0,0.0,0.0,0.0,0.0
2025-10-26 23:00:00+00:00,2025-10-27 00:00:00+01:00,2025-10-27 01:00:00+01:00,1,0.0,0.0,0.0,0.0,0.0,0.0,0.0,0.0,0.0,0.0,0.0
2025-10-27 00:00:00+00:00,2025-10-27 01:00:00+01:00,2025-10-27 02:00:00+01:00,2,0.0,0.0,0.0,0.0,0.0,0.0,0.0,0.0,0.0,0.0,0.0
2025-10-27 01:00:00+00:00,2025-10-27 02:00:00+01:00,2025-10-27 03:00:00+01:00,3,0.0,0.0,0.0,0.0,0.0,0.0,0.0,0.0,0.0,0.0,0.0
2025-10-27 02:00:00+00:00,2025-10-27 03:00:00+01:00,2025-10-27 04:00:00+01:00,4,0.0,0.0,0.0,0.0,0.0,0.0,0.0,0.0,0.0,0.0,0.0
2025-10-27 03:00:00+00:00,2025-10-27 04:00:00+01:00,2025-10-27 05:00:00+01:00,5,0.0,0.0,0.0,0.0,0.0,0.0,0.0,0.0,0.0,0.0,0.0
2025-10-27 04:00:00+00:00,2025-10-27 05:00:00+01:00,2025-10-27 06:00:00+01:00,6,0.0,0.0,0.0,0.0,0.0,0.0,0.0,0.0,0.0,0.0,0.0
2025-10-27 05:00:00+00:00,2025-10-27 06:00:00+01:00,2025-10-27 07:00:00+01:00,7,2.1954307465548255,2.1954307465548255,1.4775791415009945,1.83650494402791,2.1954307465548255,2.554356549081741,2.9132823516086566,1.4775791415009945,2.9132823516086566,1.435703210107662,0.653652846719438
2025-10-27 06:00:00+00:00,2025-10-27 07:00:00+01:00,2025-10-27 08:00:00+01:00,8,53.470457710574806,53.470457710574806,35.9451673934706,44.7078125520227,53.470457710574806,62.23310286912691,70.99574802767901,35.94516739347059,70.99574802767901,35.050580634208416,0.6555007500249357
2025-10-27 07:00:00+00:00,2025-10-27 08:00:00+01:00,2025-10-27 09:00:00+01:00,9,364.42763066429256,364.42763066429256,292.5253247451397,328.47647770471616,364.42763066429256,400.378783623869,436.3299365834455,292.5253247451397,436.3299365834455,143.8046118383058,0.3946029475680162
2025-10-27 08:00:00+00:00,2025-10-27 09:00:00+01:00,2025-10-27 10:00:00+01:00,10,1421.5322545192046,1421.5322545192046,1140.9338773596123,1281.2330659394083,1421.5322545192046,1561.8314430990008,1702.1306316787973,1140.9338773596123,1702.1306316787973,561.196754319185,0.3947827126344608
2025-10-27 09:00:00+00:00,2025-10-27 10:00:00+01:00,2025-10-27 11:00:00+01:00,11,2040.2684343669391,2040.2684343669391,1634.2902274778423,1837.2793309223907,2040.2684343669391,2243.2575378114875,2376.8042334060815,1634.2902274778423,2376.8042334060815,742.5140059282392,0.3639293876686579
2025-10-27 10:00:00+00:00,2025-10-27 11:00:00+01:00,2025-10-27 12:00:00+01:00,12,2206.910974496493,2206.910974496493,1764.1792035119122,1985.5450890042025,2206.910974496493,2375.151264431392,2425.0,1764.1792035119122,2425.0,660.8207964880878,0.2994323308426717
2025-10-27 11:00:00+00:00,2025-10-27 12:00:00+01:00,2025-10-27 13:00:00+01:00,13,1616.4135551312672,1616.4135551312672,1043.577500408219,1329.9955277697431,1616.4135551312672,1902.8315824927913,2172.4927644996396,1043.577500408219,2172.4927644996396,1128.9152640914206,0.6984070147770617
2025-10-27 12:00:00+00:00,2025-10-27 13:00:00+01:00,2025-10-27 14:00:00+01:00,14,1737.3935611686422,1737.3935611686422,1383.0183337547119,1560.205947461677,1737.3935611686422,1914.5811748756073,2091.7687885825726,1383.0183337547119,2091.7687885825726,708.7504548278607,0.4079386862769539
2025-10-27 13:00:00+00:00,2025-10-27 14:00:00+01:00,2025-10-27 15:00:00+01:00,15,1529.2781688756702,1529.2781688756702,1214.8747147083923,1372.0764417920313,1529.2781688756702,1686.479895959309,1843.681623042948,1214.8747147083923,1843.681623042948,628.8069083345558,0.4111786265923286
2025-10-27 14:00:00+00:00,2025-10-27 15:00:00+01:00,2025-10-27 16:00:00+01:00,16,985.021230487217,985.021230487217,780.8938102204653,882.9575203538411,985.021230487217,1087.084940620593,1189.148650753969,780.8938102204652,1189.148650753969,408.2548405335036,0.4144625653083691
2025-10-27 15:00:00+00:00,2025-10-27 16:00:00+01:00,2025-10-27 17:00:00+01:00,17,304.9716819537436,304.9716819537436,229.17674569403238,267.074213823888,304.9716819537436,342.8691500835992,380.76661821345476,229.1767456940324,380.7666182134548,151.58987251942239,0.49706049587226514
2025-10-27 16:00:00+00:00,2025-10-27 17:00:00+01:00,2025-10-27 18:00:00+01:00,18,0.0,0.0,0.0,0.0,0.0,0.0,0.0,0.0,0.0,0.0,0.0
2025-10-27 17:00:00+00:00,2025-10-27 18:00:00+01:00,2025-10-27 19:00:00+01:00,19,0.0,0.0,0.0,0.0,0.0,0.0,0.0,0.0,0.0,0.0,0.0
2025-10-27 18:00:00+00:00,2025-10-27 19:00:00+01:00,2025-10-27 20:00:00+01:00,20,0.0,0.0,0.0,0.0,0.0,0.0,0.0,0.0,0.0,0.0,0.0
2025-10-27 19:00:00+00:00,2025-10-27 20:00:00+01:00,2025-10-27 21:00:00+01:00,21,0.0,0.0,0.0,0.0,0.0,0.0,0.0,0.0,0.0,0.0,0.0
2025-10-27 20:00:00+00:00,2025-10-27 21:00:00+01:00,2025-10-27 22:00:00+01:00,22,0.0,0.0,0.0,0.0,0.0,0.0,0.0,0.0,0.0,0.0,0.0
2025-10-27 21:00:00+00:00,2025-10-27 22:00:00+01:00,2025-10-27 23:00:00+01:00,23,0.0,0.0,0.0,0.0,0.0,0.0,0.0,0.0,0.0,0.0,0.0
2025-10-27 22:00:00+00:00,2025-10-27 23:00:00+01:00,2025-10-28 00:00:00+01:00,24,0.0,0.0,0.0,0.0,0.0,0.0,0.0,0.0,0.0,0.0,0.0
2025-10-27 23:00:00+00:00,2025-10-28 00:00:00+01:00,2025-10-28 01:00:00+01:00,1,0.0,0.0,0.0,0.0,0.0,0.0,0.0,0.0,0.0,0.0,0.0
2025-10-28 00:00:00+00:00,2025-10-28 01:00:00+01:00,2025-10-28 02:00:00+01:00,2,0.0,0.0,0.0,0.0,0.0,0.0,0.0,0.0,0.0,0.0,0.0
2025-10-28 01:00:00+00:00,2025-10-28 02:00:00+01:00,2025-10-28 03:00:00+01:00,3,0.0,0.0,0.0,0.0,0.0,0.0,0.0,0.0,0.0,0.0,0.0
2025-10-28 02:00:00+00:00,2025-10-28 03:00:00+01:00,2025-10-28 04:00:00+01:00,4,0.0,0.0,0.0,0.0,0.0,0.0,0.0,0.0,0.0,0.0,0.0
2025-10-28 03:00:00+00:00,2025-10-28 04:00:00+01:00,2025-10-28 05:00:00+01:00,5,0.0,0.0,0.0,0.0,0.0,0.0,0.0,0.0,0.0,0.0,0.0
2025-10-28 04:00:00+00:00,2025-10-28 05:00:00+01:00,2025-10-28 06:00:00+01:00,6,0.0,0.0,0.0,0.0,0.0,0.0,0.0,0.0,0.0,0.0,0.0
2025-10-28 05:00:00+00:00,2025-10-28 06:00:00+01:00,2025-10-28 07:00:00+01:00,7,7.858276310172985,7.858276310172985,5.920431528522842,6.889353919347913,7.858276310172985,8.827198700998057,9.796121091823128,5.920431528522842,9.796121091823128,3.875689563300286,0.4931356794624492
2025-10-28 06:00:00+00:00,2025-10-28 07:00:00+01:00,2025-10-28 08:00:00+01:00,8,148.2276662948169,148.2276662948169,113.5138534146792,130.87075985474806,148.2276662948169,165.58457273488574,182.9414791749546,113.51385341467919,182.9414791749546,69.42762576027539,0.46838190948968317
2025-10-28 07:00:00+00:00,2025-10-28 08:00:00+01:00,2025-10-28 09:00:00+01:00,9,627.8557646088344,627.8557646088344,479.8400113573549,553.8478879830947,627.8557646088344,701.8636412345743,775.8715178603139,479.8400113573549,775.8715178603139,296.031506502959,0.47149528871826646
2025-10-28 08:00:00+00:00,2025-10-28 09:00:00+01:00,2025-10-28 10:00:00+01:00,10,1251.0302968247984,1251.0302968247984,954.0907755290349,1102.5605361769167,1251.0302968247984,1399.50005747268,1547.9698181205617,954.0907755290349,1547.9698181205617,593.8790425915269,0.47471157923773116
2025-10-28 09:00:00+00:00,2025-10-28 10:00:00+01:00,2025-10-28 11:00:00+01:00,11,1782.614369047027,1782.614369047027,1356.5902384294943,1569.6023037382606,1782.614369047027,1995.6264343557932,2208.6384996645593,1356.5902384294943,2208.6384996645593,852.048261235065,0.47797650352951
2025-10-28 10:00:00+00:00,2025-10-28 11:00:00+01:00,2025-10-28 12:00:00+01:00,12,1997.2858288938514,1997.2858288938514,1510.4119785287737,1753.8489037113125,1997.2858288938514,2240.72275407639,2425.0,1510.4119785287737,2425.0,914.5880214712263,0.45791521189660506
2025-10-28 11:00:00+00:00,2025-10-28 12:00:00+01:00,2025-10-28 13:00:00+01:00,13,1879.794560755484,1879.794560755484,1393.9551330896359,1636.87484692256,1879.794560755484,2122.7142745884084,2355.9803965931746,1393.9551330896359,2355.980396593175,962.0252635035388,0.5117712178854725
2025-10-28 12:00:00+00:00,2025-10-28 13:00:00+01:00,2025-10-28 14:00:00+01:00,14,1563.038958039559,1563.038958039559,1140.190009926286,1351.6144839829226,1563.038958039559,1774.4634320961954,1985.8879061528323,1140.190009926286,1985.8879061528323,845.6978962265464,0.5410596778902965
2025-10-28 13:00:00+00:00,2025-10-28 14:00:00+01:00,2025-10-28 15:00:00+01:00,15,1287.6524243399922,1287.6524243399922,950.819407957923,1119.2359161489576,1287.6524243399922,1456.0689325310268,1624.4854407220616,950.819407957923,1624.4854407220614,673.6660327641387,0.5231734098866216
2025-10-28 14:00:00+00:00,2025-10-28 15:00:00+01:00,2025-10-28 16:00:00+01:00,16,950.1628557299952,950.1628557299952,712.7894391002717,831.4761474151335,950.1628557299952,1068.8495640448568,1187.5362723597186,712.7894391002718,1187.5362723597184,474.74683325944693,0.4996473296647417
2025-10-28 15:00:00+00:00,2025-10-28 16:00:00+01:00,2025-10-28 17:00:00+01:00,17,329.51858566075674,329.51858566075674,247.57088412756968,288.5447348941632,329.51858566075674,370.4924364273503,411.4662871939438,247.57088412756968,411.46628719394386,163.89540306637412,0.49737681824808394
2025-10-28 16:00:00+00:00,2025-10-28 17:00:00+01:00,2025-10-28 18:00:00+01:00,18,0.0,0.0,0.0,0.0,0.0,0.0,0.0,0.0,0.0,0.0,0.0
2025-10-28 17:00:00+00:00,2025-10-28 18:00:00+01:00,2025-10-28 19:00:00+01:00,19,0.0,0.0,0.0,0.0,0.0,0.0,0.0,0.0,0.0,0.0,0.0
2025-10-28 18:00:00+00:00,2025-10-28 19:00:00+01:00,2025-10-28 20:00:00+01:00,20,0.0,0.0,0.0,0.0,0.0,0.0,0.0,0.0,0.0,0.0,0.0
2025-10-28 19:00:00+00:00,2025-10-28 20:00:00+01:00,2025-10-28 21:00:00+01:00,21,0.0,0.0,0.0,0.0,0.0,0.0,0.0,0.0,0.0,0.0,0.0
2025-10-28 20:00:00+00:00,2025-10-28 21:00:00+01:00,2025-10-28 22:00:00+01:00,22,0.0,0.0,0.0,0.0,0.0,0.0,0.0,0.0,0.0,0.0,0.0
2025-10-28 21:00:00+00:00,2025-10-28 22:00:00+01:00,2025-10-28 23:00:00+01:00,23,0.0,0.0,0.0,0.0,0.0,0.0,0.0,0.0,0.0,0.0,0.0
2025-10-28 22:00:00+00:00,2025-10-28 23:00:00+01:00,2025-10-29 00:00:00+01:00,24,0.0,0.0,0.0,0.0,0.0,0.0,0.0,0.0,0.0,0.0,0.0
2025-10-28 23:00:00+00:00,2025-10-29 00:00:00+01:00,2025-10-29 01:00:00+01:00,1,0.0,0.0,0.0,0.0,0.0,0.0,0.0,0.0,0.0,0.0,0.0
2025-10-29 00:00:00+00:00,2025-10-29 01:00:00+01:00,2025-10-29 02:00:00+01:00,2,0.0,0.0,0.0,0.0,0.0,0.0,0.0,0.0,0.0,0.0,0.0
2025-10-29 01:00:00+00:00,2025-10-29 02:00:00+01:00,2025-10-29 03:00:00+01:00,3,0.0,0.0,0.0,0.0,0.0,0.0,0.0,0.0,0.0,0.0,0.0
2025-10-29 02:00:00+00:00,2025-10-29 03:00:00+01:00,2025-10-29 04:00:00+01:00,4,0.0,0.0,0.0,0.0,0.0,0.0,0.0,0.0,0.0,0.0,0.0
2025-10-29 03:00:00+00:00,2025-10-29 04:00:00+01:00,2025-10-29 05:00:00+01:00,5,0.0,0.0,0.0,0.0,0.0,0.0,0.0,0.0,0.0,0.0,0.0
2025-10-29 04:00:00+00:00,2025-10-29 05:00:00+01:00,2025-10-29 06:00:00+01:00,6,0.0,0.0,0.0,0.0,0.0,0.0,0.0,0.0,0.0,0.0,0.0
2025-10-29 05:00:00+00:00,2025-10-29 06:00:00+01:00,2025-10-29 07:00:00+01:00,7,7.502821446181685,7.502821446181685,5.455052719587736,6.478937082884711,7.502821446181685,8.52670580947866,9.550590172775635,5.455052719587736,9.550590172775635,4.095537453187899,0.5457935643274016
2025-10-29 06:00:00+00:00,2025-10-29 07:00:00+01:00,2025-10-29 08:00:00+01:00,8,143.14698041977002,143.14698041977002,103.88727522129037,123.51712782053019,143.14698041977002,162.77683301900984,182.40668561824967,103.88727522129035,182.4066856182497,78.5194103969593,0.5485191629438809
2025-10-29 07:00:00+00:00,2025-10-29 08:00:00+01:00,2025-10-29 09:00:00+01:00,9,617.0475952892604,617.0475952892604,446.8873302824239,531.9674627858421,617.0475952892604,702.1277277926786,787.2078602960968,446.8873302824239,787.2078602960968,340.3205300136729,0.5515295433970436
2025-10-29 08:00:00+00:00,2025-10-29 09:00:00+01:00,2025-10-29 10:00:00+01:00,10,1240.8453013350718,1240.8453013350718,896.6863474746904,1068.7658244048812,1240.8453013350718,1412.9247782652626,1585.0042551954534,896.6863474746904,1585.0042551954532,688.3179077207631,0.554716492268363
2025-10-29 09:00:00+00:00,2025-10-29 10:00:00+01:00,2025-10-29 11:00:00+01:00,11,1750.8850822458514,1750.8850822458514,1260.611426107461,1505.7482541766562,1750.8850822458514,1996.0219103150466,2241.1587383842416,1260.6114261074613,2241.1587383842416,980.5473122767805,0.5600291887745422
2025-10-29 10:00:00+00:00,2025-10-29 11:00:00+01:00,2025-10-29 12:00:00+01:00,12,2101.0070167026925,2101.0070167026925,1477.8183876262046,1789.4127021644485,2101.0070167026925,2366.7341773908606,2425.0,1477.8183876262046,2425.0,947.1816123737954,0.45082246466641074
2025-10-29 11:00:00+00:00,2025-10-29 12:00:00+01:00,2025-10-29 13:00:00+01:00,13,1781.1089054427298,1781.1089054427298,1173.1128029158658,1477.1108541792978,1781.1089054427298,2085.106956706162,2303.944835723999,1173.1128029158658,2303.944835723999,1130.8320328081331,0.6349030059024026
2025-10-29 12:00:00+00:00,2025-10-29 13:00:00+01:00,2025-10-29 14:00:00+01:00,14,1329.1763886398905,1329.1763886398905,811.1624615752028,1070.1694251075467,1329.1763886398905,1588.1833521722342,1847.190315704578,811.1624615752029,1847.190315704578,1036.0278541293753,0.7794504051784339
2025-10-29 13:00:00+00:00,2025-10-29 14:00:00+01:00,2025-10-29 15:00:00+01:00,15,1075.7440700366512,1075.7440700366512,634.8043158804244,855.2741929585378,1075.7440700366512,1296.2139471147648,1516.683824192878,634.8043158804244,1516.683824192878,881.8795083124537,0.8197848476148792
2025-10-29 14:00:00+00:00,2025-10-29 15:00:00+01:00,2025-10-29 16:00:00+01:00,16,675.4878569637502,675.4878569637502,396.3931576552995,535.9405073095248,675.4878569637502,815.0352066179757,954.582556272201,396.3931576552995,954.582556272201,558.1893986169016,0.8263487885291001
2025-10-29 15:00:00+00:00,2025-10-29 16:00:00+01:00,2025-10-29 17:00:00+01:00,17,278.82128599229816,278.82128599229816,163.3387740932011,221.08003004274963,278.82128599229816,336.56254194184675,394.3037978913953,163.3387740932011,394.3037978913953,230.96502379819418,0.8283592646700203
2025-10-29 16:00:00+00:00,2025-10-29 17:00:00+01:00,2025-10-29 18:00:00+01:00,18,0.0,0.0,0.0,0.0,0.0,0.0,0.0,0.0,0.0,0.0,0.0
2025-10-29 17:00:00+00:00,2025-10-29 18:00:00+01:00,2025-10-29 19:00:00+01:00,19,0.0,0.0,0.0,0.0,0.0,0.0,0.0,0.0,0.0,0.0,0.0
2025-10-29 18:00:00+00:00,2025-10-29 19:00:00+01:00,2025-10-29 20:00:00+01:00,20,0.0,0.0,0.0,0.0,0.0,0.0,0.0,0.0,0.0,0.0,0.0
2025-10-29 19:00:00+00:00,2025-10-29 20:00:00+01:00,2025-10-29 21:00:00+01:00,21,0.0,0.0,0.0,0.0,0.0,0.0,0.0,0.0,0.0,0.0,0.0
2025-10-29 20:00:00+00:00,2025-10-29 21:00:00+01:00,2025-10-29 22:00:00+01:00,22,0.0,0.0,0.0,0.0,0.0,0.0,0.0,0.0,0.0,0.0,0.0
2025-10-29 21:00:00+00:00,2025-10-29 22:00:00+01:00,2025-10-29 23:00:00+01:00,23,0.0,0.0,0.0,0.0,0.0,0.0,0.0,0.0,0.0,0.0,0.0
2025-10-29 22:00:00+00:00,2025-10-29 23:00:00+01:00,2025-10-30 00:00:00+01:00,24,0.0,0.0,0.0,0.0,0.0,0.0,0.0,0.0,0.0,0.0,0.0
2025-10-29 23:00:00+00:00,2025-10-30 00:00:00+01:00,2025-10-30 01:00:00+01:00,1,0.0,0.0,0.0,0.0,0.0,0.0,0.0,0.0,0.0,0.0,0.0
2025-10-30 00:00:00+00:00,2025-10-30 01:00:00+01:00,2025-10-30 02:00:00+01:00,2,0.0,0.0,0.0,0.0,0.0,0.0,0.0,0.0,0.0,0.0,0.0
2025-10-30 01:00:00+00:00,2025-10-30 02:00:00+01:00,2025-10-30 03:00:00+01:00,3,0.0,0.0,0.0,0.0,0.0,0.0,0.0,0.0,0.0,0.0,0.0
2025-10-30 02:00:00+00:00,2025-10-30 03:00:00+01:00,2025-10-30 04:00:00+01:00,4,0.0,0.0,0.0,0.0,0.0,0.0,0.0,0.0,0.0,0.0,0.0
2025-10-30 03:00:00+00:00,2025-10-30 04:00:00+01:00,2025-10-30 05:00:00+01:00,5,0.0,0.0,0.0,0.0,0.0,0.0,0.0,0.0,0.0,0.0,0.0
2025-10-30 04:00:00+00:00,2025-10-30 05:00:00+01:00,2025-10-30 06:00:00+01:00,6,0.0,0.0,0.0,0.0,0.0,0.0,0.0,0.0,0.0,0.0,0.0
2025-10-30 05:00:00+00:00,2025-10-30 06:00:00+01:00,2025-10-30 07:00:00+01:00,7,4.120603629525357,4.120603629525357,2.517917425340514,3.319260527432936,4.120603629525357,4.921946731617779,5.7232898337102,2.517917425340514,5.7232898337102,3.2053724083696857,0.777700307086253
2025-10-30 06:00:00+00:00,2025-10-30 07:00:00+01:00,2025-10-30 08:00:00+01:00,8,78.18018463023444,78.18018463023444,46.094634958124345,62.13740979417938,78.18018463023444,94.2229594662895,110.26573430234453,46.094634958124345,110.26573430234454,64.17109934422018,0.820799782552844
2025-10-30 07:00:00+00:00,2025-10-30 08:00:00+01:00,2025-10-30 09:00:00+01:00,9,310.8308552009353,310.8308552009353,182.3047177834433,246.56778649218927,310.8308552009353,375.0939239096813,439.3569926184273,182.3047177834433,439.3569926184273,257.052274834984,0.8269817605046118
2025-10-30 08:00:00+00:00,2025-10-30 09:00:00+01:00,2025-10-30 10:00:00+01:00,10,660.7163112982355,660.7163112982355,405.9469949558344,533.331653127035,660.7163112982355,788.1009694694362,915.4856276406367,405.9469949558344,915.4856276406368,509.53863268480234,0.771190074744093
2025-10-30 09:00:00+00:00,2025-10-30 10:00:00+01:00,2025-10-30 11:00:00+01:00,11,910.938051010641,910.938051010641,583.7724810852242,747.3552660479324,910.938051010641,1074.5208359733492,1238.1036209360577,583.7724810852243,1238.103620936058,654.3311398508336,0.7183039733831657
2025-10-30 10:00:00+00:00,2025-10-30 11:00:00+01:00,2025-10-30 12:00:00+01:00,12,1392.5377357213977,1392.5377357213977,920.0156095809068,1156.2766726511522,1392.5377357213977,1628.798798791643,1865.0598618618887,920.0156095809069,1865.0598618618885,945.0442522809819,0.6786484483617661
2025-10-30 11:00:00+00:00,2025-10-30 12:00:00+01:00,2025-10-30 13:00:00+01:00,13,1581.9356300942045,1581.9356300942045,1062.420670723603,1322.178150408904,1581.9356300942045,1841.6931097795052,2101.4505894648064,1062.4206707236033,2101.450589464806,1039.0299187412033,0.6568088120440887
2025-10-30 12:00:00+00:00,2025-10-30 13:00:00+01:00,2025-10-30 14:00:00+01:00,14,1680.9817260570067,1680.9817260570067,1133.0658304289384,1407.0237782429726,1680.9817260570067,1954.9396738710407,2228.8976216850747,1133.0658304289384,2228.8976216850747,1095.8317912561363,0.6518994956162171
2025-10-30 13:00:00+00:00,2025-10-30 14:00:00+01:00,2025-10-30 15:00:00+01:00,15,1439.586143759126,1439.586143759126,969.2613053296448,1204.4237245443853,1439.586143759126,1674.7485629738667,1909.9109821886072,969.2613053296448,1909.910982188607,940.6496768589625,0.6534162804501633
2025-10-30 14:00:00+00:00,2025-10-30 15:00:00+01:00,2025-10-30 16:00:00+01:00,16,981.6164042766006,981.6164042766006,658.7776658991264,820.1970350878636,981.6164042766006,1143.0357734653378,1304.4551426540747,658.7776658991264,1304.4551426540747,645.6774767549483,0.6577689779561091
2025-10-30 15:00:00+00:00,2025-10-30 16:00:00+01:00,2025-10-30 17:00:00+01:00,17,359.7656341285405,359.7656341285405,240.41142985282215,300.08853199068136,359.7656341285405,419.4427362663998,479.1198384042589,240.41142985282215,479.1198384042589,238.70840855143678,0.6635090247589469
2025-10-30 16:00:00+00:00,2025-10-30 17:00:00+01:00,2025-10-30 18:00:00+01:00,18,0.0,0.0,0.0,0.0,0.0,0.0,0.0,0.0,0.0,0.0,0.0
2025-10-30 17:00:00+00:00,2025-10-30 18:00:00+01:00,2025-10-30 19:00:00+01:00,19,0.0,0.0,0.0,0.0,0.0,0.0,0.0,0.0,0.0,0.0,0.0
2025-10-30 18:00:00+00:00,2025-10-30 19:00:00+01:00,2025-10-30 20:00:00+01:00,20,0.0,0.0,0.0,0.0,0.0,0.0,0.0,0.0,0.0,0.0,0.0
2025-10-30 19:00:00+00:00,2025-10-30 20:00:00+01:00,2025-10-30 21:00:00+01:00,21,0.0,0.0,0.0,0.0,0.0,0.0,0.0,0.0,0.0,0.0,0.0
2025-10-30 20:00:00+00:00,2025-10-30 21:00:00+01:00,2025-10-30 22:00:00+01:00,22,0.0,0.0,0.0,0.0,0.0,0.0,0.0,0.0,0.0,0.0,0.0
2025-10-30 21:00:00+00:00,2025-10-30 22:00:00+01:00,2025-10-30 23:00:00+01:00,23,0.0,0.0,0.0,0.0,0.0,0.0,0.0,0.0,0.0,0.0,0.0
2025-10-30 22:00:00+00:00,2025-10-30 23:00:00+01:00,2025-10-31 00:00:00+01:00,24,0.0,0.0,0.0,0.0,0.0,0.0,0.0,0.0,0.0,0.0,0.0
2025-10-30 23:00:00+00:00,2025-10-31 00:00:00+01:00,2025-10-31 01:00:00+01:00,1,0.0,0.0,0.0,0.0,0.0,0.0,0.0,0.0,0.0,0.0,0.0
