production_kw,q10,q25,q50,q75,q90,energy_kwh,energy_q10_kwh,energy_q25_kwh,energy_q50_kwh,energy_q75_kwh,energy_q90_kwh,forecast_timestamp,resolution_minutes,timestamp
0.0,0.0,0.0,0.0,0.0,0.0,0.0,0.0,0.0,0.0,0.0,0.0,2025-10-24 13:47:17.372216+00:00,15,2025-10-24 23:00:00
0.0,0.0,0.0,0.0,0.0,0.0,0.0,0.0,0.0,0.0,0.0,0.0,2025-10-24 13:47:17.372216+00:00,15,2025-10-24 23:15:00
0.0,0.0,0.0,0.0,0.0,0.0,0.0,0.0,0.0,0.0,0.0,0.0,2025-10-24 13:47:17.372216+00:00,15,2025-10-24 23:30:00
0.0,0.0,0.0,0.0,0.0,0.0,0.0,0.0,0.0,0.0,0.0,0.0,2025-10-24 13:47:17.372216+00:00,15,2025-10-24 23:45:00
0.0,0.0,0.0,0.0,0.0,0.0,0.0,0.0,0.0,0.0,0.0,0.0,2025-10-24 13:47:17.372216+00:00,15,2025-10-25 00:00:00
0.0,0.0,0.0,0.0,0.0,0.0,0.0,0.0,0.0,0.0,0.0,0.0,2025-10-24 13:47:17.372216+00:00,15,2025-10-25 00:15:00
0.0,0.0,0.0,0.0,0.0,0.0,0.0,0.0,0.0,0.0,0.0,0.0,2025-10-24 13:47:17.372216+00:00,15,2025-10-25 00:30:00
0.0,0.0,0.0,0.0,0.0,0.0,0.0,0.0,0.0,0.0,0.0,0.0,2025-10-24 13:47:17.372216+00:00,15,2025-10-25 00:45:00
0.0,0.0,0.0,0.0,0.0,0.0,0.0,0.0,0.0,0.0,0.0,0.0,2025-10-24 13:47:17.372216+00:00,15,2025-10-25 01:00:00
0.0,0.0,0.0,0.0,0.0,0.0,0.0,0.0,0.0,0.0,0.0,0.0,2025-10-24 13:47:17.372216+00:00,15,2025-10-25 01:15:00
0.0,0.0,0.0,0.0,0.0,0.0,0.0,0.0,0.0,0.0,0.0,0.0,2025-10-24 13:47:17.372216+00:00,15,2025-10-25 01:30:00
0.0,0.0,0.0,0.0,0.0,0.0,0.0,0.0,0.0,0.0,0.0,0.0,2025-10-24 13:47:17.372216+00:00,15,2025-10-25 01:45:00
0.0,0.0,0.0,0.0,0.0,0.0,0.0,0.0,0.0,0.0,0.0,0.0,2025-10-24 13:47:17.372216+00:00,15,2025-10-25 02:00:00
0.0,0.0,0.0,0.0,0.0,0.0,0.0,0.0,0.0,0.0,0.0,0.0,2025-10-24 13:47:17.372216+00:00,15,2025-10-25 02:15:00
0.0,0.0,0.0,0.0,0.0,0.0,0.0,0.0,0.0,0.0,0.0,0.0,2025-10-24 13:47:17.372216+00:00,15,2025-10-25 02:30:00
0.0,0.0,0.0,0.0,0.0,0.0,0.0,0.0,0.0,0.0,0.0,0.0,2025-10-24 13:47:17.372216+00:00,15,2025-10-25 02:45:00
0.0,0.0,0.0,0.0,0.0,0.0,0.0,0.0,0.0,0.0,0.0,0.0,2025-10-24 13:47:17.372216+00:00,15,2025-10-25 03:00:00
0.0,0.0,0.0,0.0,0.0,0.0,0.0,0.0,0.0,0.0,0.0,0.0,2025-10-24 13:47:17.372216+00:00,15,2025-10-25 03:15:00
0.0,0.0,0.0,0.0,0.0,0.0,0.0,0.0,0.0,0.0,0.0,0.0,2025-10-24 13:47:17.372216+00:00,15,2025-10-25 03:30:00
0.0,0.0,0.0,0.0,0.0,0.0,0.0,0.0,0.0,0.0,0.0,0.0,2025-10-24 13:47:17.372216+00:00,15,2025-10-25 03:45:00
0.0,0.0,0.0,0.0,0.0,0.0,0.0,0.0,0.0,0.0,0.0,0.0,2025-10-24 13:47:17.372216+00:00,15,2025-10-25 04:00:00
0.0,0.0,0.0,0.0,0.0,0.0,0.0,0.0,0.0,0.0,0.0,0.0,2025-10-24 13:47:17.372216+00:00,15,2025-10-25 04:15:00
0.0,0.0,0.0,0.0,0.0,0.0,0.0,0.0,0.0,0.0,0.0,0.0,2025-10-24 13:47:17.372216+00:00,15,2025-10-25 04:30:00
0.0,0.0,0.0,0.0,0.0,0.0,0.0,0.0,0.0,0.0,0.0,0.0,2025-10-24 13:47:17.372216+00:00,15,2025-10-25 04:45:00
0.0,0.0,0.0,0.0,0.0,0.0,0.0,0.0,0.0,0.0,0.0,0.0,2025-10-24 13:47:17.372216+00:00,15,2025-10-25 05:00:00
0.0,0.0,0.0,0.0,0.0,0.0,0.0,0.0,0.0,0.0,0.0,0.0,2025-10-24 13:47:17.372216+00:00,15,2025-10-25 05:15:00
0.0,0.0,0.0,0.0,0.0,0.0,0.0,0.0,0.0,0.0,0.0,0.0,2025-10-24 13:47:17.372216+00:00,15,2025-10-25 05:30:00
0.0,0.0,0.0,0.0,0.0,0.0,0.0,0.0,0.0,0.0,0.0,0.0,2025-10-24 13:47:17.372216+00:00,15,2025-10-25 05:45:00
0.0,0.0,0.0,0.0,0.0,0.0,0.0,0.0,0.0,0.0,0.0,0.0,2025-10-24 13:47:17.372216+00:00,15,2025-10-25 06:00:00
0.0,0.0,0.0,0.0,0.0,0.0,0.0,0.0,0.0,0.0,0.0,0.0,2025-10-24 13:47:17.372216+00:00,15,2025-10-25 06:15:00
0.0,0.0,0.0,0.0,0.0,0.0,0.0,0.0,0.0,0.0,0.0,0.0,2025-10-24 13:47:17.372216+00:00,15,2025-10-25 06:30:00
43.034785,38.175441,40.605113,43.034785,45.464458,47.89413,10.758696,9.54386,10.151278,10.758696,11.366114,11.973532,2025-10-24 13:47:17.372216+00:00,15,2025-10-25 06:45:00
90.119296,79.905775,85.012536,90.119296,95.226056,100.332816,22.529824,19.976444,21.253134,22.529824,23.806514,25.083204,2025-10-24 13:47:17.372216+00:00,15,2025-10-25 07:00:00
141.093693,125.044286,133.068989,141.093693,149.118397,157.143101,35.273423,31.261071,33.267247,35.273423,37.279599,39.285775,2025-10-24 13:47:17.372216+00:00,15,2025-10-25 07:15:00
195.777419,173.426163,184.601791,195.777419,206.953046,218.128674,48.944355,43.356541,46.150448,48.944355,51.738262,54.532168,2025-10-24 13:47:17.372216+00:00,15,2025-10-25 07:30:00
395.342858,350.043155,372.693007,395.342858,417.992709,440.64256,98.835714,87.510789,93.173252,98.835714,104.498177,110.16064,2025-10-24 13:47:17.372216+00:00,15,2025-10-25 07:45:00
606.147322,536.44038,571.293851,606.147322,641.000793,675.854264,151.536831,134.110095,142.823463,151.536831,160.250198,168.963566,2025-10-24 13:47:17.372216+00:00,15,2025-10-25 08:00:00
827.396213,731.9009,779.648556,827.396213,875.143869,922.891526,206.849053,182.975225,194.912139,206.849053,218.785967,230.722881,2025-10-24 13:47:17.372216+00:00,15,2025-10-25 08:15:00
1058.253218,935.672221,996.962719,1058.253218,1119.543717,1180.834216,264.563305,233.918055,249.24068,264.563305,279.885929,295.208554,2025-10-24 13:47:17.372216+00:00,15,2025-10-25 08:30:00
1206.947216,1066.639602,1136.793409,1206.947216,1277.101022,1347.254829,301.736804,266.6599,284.198352,301.736804,319.275256,336.813707,2025-10-24 13:47:17.372216+00:00,15,2025-10-25 08:45:00
1312.042078,986.475522,1149.2588,1312.042078,1474.825356,1637.608635,328.01052,246.618881,287.3147,328.01052,368.706339,409.402159,2025-10-24 13:47:17.372216+00:00,15,2025-10-25 09:00:00
1392.29962,1046.545039,1219.422329,1392.29962,1565.17691,1738.054201,348.074905,261.63626,304.855582,348.074905,391.294228,434.51355,2025-10-24 13:47:17.372216+00:00,15,2025-10-25 09:15:00
1453.785071,1092.475607,1273.130339,1453.785071,1634.439803,1815.094535,363.446268,273.118902,318.282585,363.446268,408.609951,453.773634,2025-10-24 13:47:17.372216+00:00,15,2025-10-25 09:30:00
1193.048206,896.304378,1044.676292,1193.048206,1341.42012,1489.792035,298.262052,224.076095,261.169073,298.262052,335.35503,372.448009,2025-10-24 13:47:17.372216+00:00,15,2025-10-25 09:45:00
1005.887085,714.876497,860.381791,1005.887085,1151.392379,1296.897673,251.471771,178.719124,215.095448,251.471771,287.848095,324.224418,2025-10-24 13:47:17.372216+00:00,15,2025-10-25 10:00:00
846.127436,601.192085,723.65976,846.127436,968.595111,1091.062786,211.531859,150.298021,180.91494,211.531859,242.148778,272.765697,2025-10-24 13:47:17.372216+00:00,15,2025-10-25 10:15:00
781.925532,555.441379,668.683455,781.925532,895.167608,1008.409684,195.481383,138.860345,167.170864,195.481383,223.791902,252.102421,2025-10-24 13:47:17.372216+00:00,15,2025-10-25 10:30:00
852.163164,605.18844,728.675802,852.163164,975.650526,1099.137888,213.040791,151.29711,182.168951,213.040791,243.912631,274.784472,2025-10-24 13:47:17.372216+00:00,15,2025-10-25 10:45:00
771.683987,541.560369,656.622178,771.683987,886.745796,1001.807605,192.920997,135.390092,164.155545,192.920997,221.686449,250.451901,2025-10-24 13:47:17.372216+00:00,15,2025-10-25 11:00:00
778.892144,546.4882,662.690172,778.892144,895.094116,1011.296089,194.723036,136.62205,165.672543,194.723036,223.773529,252.824022,2025-10-24 13:47:17.372216+00:00,15,2025-10-25 11:15:00
659.974717,462.941927,561.458322,659.974717,758.491112,857.007507,164.993679,115.735482,140.364581,164.993679,189.622778,214.251877,2025-10-24 13:47:17.372216+00:00,15,2025-10-25 11:30:00
643.840362,451.515684,547.678023,643.840362,740.002701,836.16504,160.96009,112.878921,136.919506,160.96009,185.000675,209.04126,2025-10-24 13:47:17.372216+00:00,15,2025-10-25 11:45:00
795.480886,589.903663,692.692275,795.480886,898.269497,1001.058109,198.870221,147.475916,173.173069,198.870221,224.567374,250.264527,2025-10-24 13:47:17.372216+00:00,15,2025-10-25 12:00:00
860.712148,638.108057,749.410103,860.712148,972.014194,1083.31624,215.178037,159.527014,187.352526,215.178037,243.003549,270.82906,2025-10-24 13:47:17.372216+00:00,15,2025-10-25 12:15:00
954.045236,707.114718,830.579977,954.045236,1077.510495,1200.975753,238.511309,176.77868,207.644994,238.511309,269.377624,300.243938,2025-10-24 13:47:17.372216+00:00,15,2025-10-25 12:30:00
935.913908,693.491416,814.702662,935.913908,1057.125154,1178.3364,233.978477,173.372854,203.675666,233.978477,264.281288,294.5841,2025-10-24 13:47:17.372216+00:00,15,2025-10-25 12:45:00
879.856396,633.002008,756.429202,879.856396,1003.28359,1126.710784,219.964099,158.250502,189.1073,219.964099,250.820898,281.677696,2025-10-24 13:47:17.372216+00:00,15,2025-10-25 13:00:00
834.000916,599.858872,716.929894,834.000916,951.071938,1068.14296,208.500229,149.964718,179.232473,208.500229,237.767984,267.03574,2025-10-24 13:47:17.372216+00:00,15,2025-10-25 13:15:00
822.509076,591.442046,706.975561,822.509076,938.042591,1053.576106,205.627269,147.860511,176.74389,205.627269,234.510648,263.394026,2025-10-24 13:47:17.372216+00:00,15,2025-10-25 13:30:00
773.341291,555.944329,664.64281,773.341291,882.039771,990.738252,193.335323,138.986082,166.160702,193.335323,220.509943,247.684563,2025-10-24 13:47:17.372216+00:00,15,2025-10-25 13:45:00
708.798418,478.438932,593.618675,708.798418,823.978161,939.157904,177.199604,119.609733,148.404669,177.199604,205.99454,234.789476,2025-10-24 13:47:17.372216+00:00,15,2025-10-25 14:00:00
576.604188,389.115291,482.85974,576.604188,670.348637,764.093085,144.151047,97.278823,120.714935,144.151047,167.587159,191.023271,2025-10-24 13:47:17.372216+00:00,15,2025-10-25 14:15:00
412.103764,278.037582,345.070673,412.103764,479.136856,546.169947,103.025941,69.509395,86.267668,103.025941,119.784214,136.542487,2025-10-24 13:47:17.372216+00:00,15,2025-10-25 14:30:00
377.412886,254.571478,315.992182,377.412886,438.833591,500.254295,94.353222,63.642869,78.998046,94.353222,109.708398,125.063574,2025-10-24 13:47:17.372216+00:00,15,2025-10-25 14:45:00
343.931928,231.932332,287.93213,343.931928,399.931726,455.931524,85.982982,57.983083,71.983033,85.982982,99.982932,113.982881,2025-10-24 13:47:17.372216+00:00,15,2025-10-25 15:00:00
320.986542,216.406893,268.696717,320.986542,373.276366,425.56619,80.246635,54.101723,67.174179,80.246635,93.319091,106.391548,2025-10-24 13:47:17.372216+00:00,15,2025-10-25 15:15:00
324.455021,218.692513,271.573767,324.455021,377.336275,430.217529,81.113755,54.673128,67.893442,81.113755,94.334069,107.554382,2025-10-24 13:47:17.372216+00:00,15,2025-10-25 15:30:00
275.964286,185.963251,230.963769,275.964286,320.964804,365.965321,68.991072,46.490813,57.740942,68.991072,80.241201,91.49133,2025-10-24 13:47:17.372216+00:00,15,2025-10-25 15:45:00
208.47204,143.881546,176.176793,208.47204,240.767287,273.062534,52.11801,35.970387,44.044198,52.11801,60.191822,68.265633,2025-10-24 13:47:17.372216+00:00,15,2025-10-25 16:00:00
178.552123,123.200803,150.876463,178.552123,206.227783,233.903443,44.638031,30.800201,37.719116,44.638031,51.556946,58.475861,2025-10-24 13:47:17.372216+00:00,15,2025-10-25 16:15:00
93.835969,64.730473,79.283221,93.835969,108.388717,122.941465,23.458992,16.182618,19.820805,23.458992,27.097179,30.735366,2025-10-24 13:47:17.372216+00:00,15,2025-10-25 16:30:00
59.656061,41.141925,50.398993,59.656061,68.913128,78.170196,14.914015,10.285481,12.599748,14.914015,17.228282,19.542549,2025-10-24 13:47:17.372216+00:00,15,2025-10-25 16:45:00
34.245587,29.79366,32.019623,34.245587,36.47155,38.697513,8.561397,7.448415,8.004906,8.561397,9.117887,9.674378,2025-10-24 13:47:17.372216+00:00,15,2025-10-25 17:00:00
0.0,0.0,0.0,0.0,0.0,0.0,0.0,0.0,0.0,0.0,0.0,0.0,2025-10-24 13:47:17.372216+00:00,15,2025-10-25 17:15:00
0.0,0.0,0.0,0.0,0.0,0.0,0.0,0.0,0.0,0.0,0.0,0.0,2025-10-24 13:47:17.372216+00:00,15,2025-10-25 17:30:00
0.0,0.0,0.0,0.0,0.0,0.0,0.0,0.0,0.0,0.0,0.0,0.0,2025-10-24 13:47:17.372216+00:00,15,2025-10-25 17:45:00
0.0,0.0,0.0,0.0,0.0,0.0,0.0,0.0,0.0,0.0,0.0,0.0,2025-10-24 13:47:17.372216+00:00,15,2025-10-25 18:00:00
0.0,0.0,0.0,0.0,0.0,0.0,0.0,0.0,0.0,0.0,0.0,0.0,2025-10-24 13:47:17.372216+00:00,15,2025-10-25 18:15:00
0.0,0.0,0.0,0.0,0.0,0.0,0.0,0.0,0.0,0.0,0.0,0.0,2025-10-24 13:47:17.372216+00:00,15,2025-10-25 18:30:00
0.0,0.0,0.0,0.0,0.0,0.0,0.0,0.0,0.0,0.0,0.0,0.0,2025-10-24 13:47:17.372216+00:00,15,2025-10-25 18:45:00
0.0,0.0,0.0,0.0,0.0,0.0,0.0,0.0,0.0,0.0,0.0,0.0,2025-10-24 13:47:17.372216+00:00,15,2025-10-25 19:00:00
0.0,0.0,0.0,0.0,0.0,0.0,0.0,0.0,0.0,0.0,0.0,0.0,2025-10-24 13:47:17.372216+00:00,15,2025-10-25 19:15:00
0.0,0.0,0.0,0.0,0.0,0.0,0.0,0.0,0.0,0.0,0.0,0.0,2025-10-24 13:47:17.372216+00:00,15,2025-10-25 19:30:00
0.0,0.0,0.0,0.0,0.0,0.0,0.0,0.0,0.0,0.0,0.0,0.0,2025-10-24 13:47:17.372216+00:00,15,2025-10-25 19:45:00
0.0,0.0,0.0,0.0,0.0,0.0,0.0,0.0,0.0,0.0,0.0,0.0,2025-10-24 13:47:17.372216+00:00,15,2025-10-25 20:00:00
0.0,0.0,0.0,0.0,0.0,0.0,0.0,0.0,0.0,0.0,0.0,0.0,2025-10-24 13:47:17.372216+00:00,15,2025-10-25 20:15:00
0.0,0.0,0.0,0.0,0.0,0.0,0.0,0.0,0.0,0.0,0.0,0.0,2025-10-24 13:47:17.372216+00:00,15,2025-10-25 20:30:00
0.0,0.0,0.0,0.0,0.0,0.0,0.0,0.0,0.0,0.0,0.0,0.0,2025-10-24 13:47:17.372216+00:00,15,2025-10-25 20:45:00
0.0,0.0,0.0,0.0,0.0,0.0,0.0,0.0,0.0,0.0,0.0,0.0,2025-10-24 13:47:17.372216+00:00,15,2025-10-25 21:00:00
0.0,0.0,0.0,0.0,0.0,0.0,0.0,0.0,0.0,0.0,0.0,0.0,2025-10-24 13:47:17.372216+00:00,15,2025-10-25 21:15:00
0.0,0.0,0.0,0.0,0.0,0.0,0.0,0.0,0.0,0.0,0.0,0.0,2025-10-24 13:47:17.372216+00:00,15,2025-10-25 21:30:00
0.0,0.0,0.0,0.0,0.0,0.0,0.0,0.0,0.0,0.0,0.0,0.0,2025-10-24 13:47:17.372216+00:00,15,2025-10-25 21:45:00
0.0,0.0,0.0,0.0,0.0,0.0,0.0,0.0,0.0,0.0,0.0,0.0,2025-10-24 13:47:17.372216+00:00,15,2025-10-25 22:00:00
0.0,0.0,0.0,0.0,0.0,0.0,0.0,0.0,0.0,0.0,0.0,0.0,2025-10-24 13:47:17.372216+00:00,15,2025-10-25 22:15:00
0.0,0.0,0.0,0.0,0.0,0.0,0.0,0.0,0.0,0.0,0.0,0.0,2025-10-24 13:47:17.372216+00:00,15,2025-10-25 22:30:00
0.0,0.0,0.0,0.0,0.0,0.0,0.0,0.0,0.0,0.0,0.0,0.0,2025-10-24 13:47:17.372216+00:00,15,2025-10-25 22:45:00
0.0,0.0,0.0,0.0,0.0,0.0,0.0,0.0,0.0,0.0,0.0,0.0,2025-10-24 13:47:17.372216+00:00,15,2025-10-25 23:00:00
0.0,0.0,0.0,0.0,0.0,0.0,0.0,0.0,0.0,0.0,0.0,0.0,2025-10-24 13:47:17.372216+00:00,15,2025-10-25 23:15:00
0.0,0.0,0.0,0.0,0.0,0.0,0.0,0.0,0.0,0.0,0.0,0.0,2025-10-24 13:47:17.372216+00:00,15,2025-10-25 23:30:00
0.0,0.0,0.0,0.0,0.0,0.0,0.0,0.0,0.0,0.0,0.0,0.0,2025-10-24 13:47:17.372216+00:00,15,2025-10-25 23:45:00
0.0,0.0,0.0,0.0,0.0,0.0,0.0,0.0,0.0,0.0,0.0,0.0,2025-10-24 13:47:17.372216+00:00,15,2025-10-26 00:00:00
0.0,0.0,0.0,0.0,0.0,0.0,0.0,0.0,0.0,0.0,0.0,0.0,2025-10-24 13:47:17.372216+00:00,15,2025-10-26 00:15:00
0.0,0.0,0.0,0.0,0.0,0.0,0.0,0.0,0.0,0.0,0.0,0.0,2025-10-24 13:47:17.372216+00:00,15,2025-10-26 00:30:00
0.0,0.0,0.0,0.0,0.0,0.0,0.0,0.0,0.0,0.0,0.0,0.0,2025-10-24 13:47:17.372216+00:00,15,2025-10-26 00:45:00
0.0,0.0,0.0,0.0,0.0,0.0,0.0,0.0,0.0,0.0,0.0,0.0,2025-10-24 13:47:17.372216+00:00,15,2025-10-26 01:00:00
0.0,0.0,0.0,0.0,0.0,0.0,0.0,0.0,0.0,0.0,0.0,0.0,2025-10-24 13:47:17.372216+00:00,15,2025-10-26 01:15:00
0.0,0.0,0.0,0.0,0.0,0.0,0.0,0.0,0.0,0.0,0.0,0.0,2025-10-24 13:47:17.372216+00:00,15,2025-10-26 01:30:00
0.0,0.0,0.0,0.0,0.0,0.0,0.0,0.0,0.0,0.0,0.0,0.0,2025-10-24 13:47:17.372216+00:00,15,2025-10-26 01:45:00
0.0,0.0,0.0,0.0,0.0,0.0,0.0,0.0,0.0,0.0,0.0,0.0,2025-10-24 13:47:17.372216+00:00,15,2025-10-26 02:00:00
0.0,0.0,0.0,0.0,0.0,0.0,0.0,0.0,0.0,0.0,0.0,0.0,2025-10-24 13:47:17.372216+00:00,15,2025-10-26 02:15:00
0.0,0.0,0.0,0.0,0.0,0.0,0.0,0.0,0.0,0.0,0.0,0.0,2025-10-24 13:47:17.372216+00:00,15,2025-10-26 02:30:00
0.0,0.0,0.0,0.0,0.0,0.0,0.0,0.0,0.0,0.0,0.0,0.0,2025-10-24 13:47:17.372216+00:00,15,2025-10-26 02:45:00
0.0,0.0,0.0,0.0,0.0,0.0,0.0,0.0,0.0,0.0,0.0,0.0,2025-10-24 13:47:17.372216+00:00,15,2025-10-26 02:00:00
0.0,0.0,0.0,0.0,0.0,0.0,0.0,0.0,0.0,0.0,0.0,0.0,2025-10-24 13:47:17.372216+00:00,15,2025-10-26 02:15:00
0.0,0.0,0.0,0.0,0.0,0.0,0.0,0.0,0.0,0.0,0.0,0.0,2025-10-24 13:47:17.372216+00:00,15,2025-10-26 02:30:00
0.0,0.0,0.0,0.0,0.0,0.0,0.0,0.0,0.0,0.0,0.0,0.0,2025-10-24 13:47:17.372216+00:00,15,2025-10-26 02:45:00
0.0,0.0,0.0,0.0,0.0,0.0,0.0,0.0,0.0,0.0,0.0,0.0,2025-10-24 13:47:17.372216+00:00,15,2025-10-26 03:00:00
0.0,0.0,0.0,0.0,0.0,0.0,0.0,0.0,0.0,0.0,0.0,0.0,2025-10-24 13:47:17.372216+00:00,15,2025-10-26 03:15:00
0.0,0.0,0.0,0.0,0.0,0.0,0.0,0.0,0.0,0.0,0.0,0.0,2025-10-24 13:47:17.372216+00:00,15,2025-10-26 03:30:00
0.0,0.0,0.0,0.0,0.0,0.0,0.0,0.0,0.0,0.0,0.0,0.0,2025-10-24 13:47:17.372216+00:00,15,2025-10-26 03:45:00
0.0,0.0,0.0,0.0,0.0,0.0,0.0,0.0,0.0,0.0,0.0,0.0,2025-10-24 13:47:17.372216+00:00,15,2025-10-26 04:00:00
0.0,0.0,0.0,0.0,0.0,0.0,0.0,0.0,0.0,0.0,0.0,0.0,2025-10-24 13:47:17.372216+00:00,15,2025-10-26 04:15:00
0.0,0.0,0.0,0.0,0.0,0.0,0.0,0.0,0.0,0.0,0.0,0.0,2025-10-24 13:47:17.372216+00:00,15,2025-10-26 04:30:00
0.0,0.0,0.0,0.0,0.0,0.0,0.0,0.0,0.0,0.0,0.0,0.0,2025-10-24 13:47:17.372216+00:00,15,2025-10-26 04:45:00
0.0,0.0,0.0,0.0,0.0,0.0,0.0,0.0,0.0,0.0,0.0,0.0,2025-10-24 13:47:17.372216+00:00,15,2025-10-26 05:00:00
0.0,0.0,0.0,0.0,0.0,0.0,0.0,0.0,0.0,0.0,0.0,0.0,2025-10-24 13:47:17.372216+00:00,15,2025-10-26 05:15:00
0.0,0.0,0.0,0.0,0.0,0.0,0.0,0.0,0.0,0.0,0.0,0.0,2025-10-24 13:47:17.372216+00:00,15,2025-10-26 05:30:00
0.541423,0.359113,0.450268,0.541423,0.632578,0.723734,0.135356,0.089778,0.112567,0.135356,0.158145,0.180933,2025-10-24 13:47:17.372216+00:00,15,2025-10-26 05:45:00
1.083414,0.718397,0.900905,1.083414,1.265923,1.448431,0.270854,0.179599,0.225226,0.270854,0.316481,0.362108,2025-10-24 13:47:17.372216+00:00,15,2025-10-26 06:00:00
1.625972,1.077851,1.351912,1.625972,1.900033,2.174094,0.406493,0.269463,0.337978,0.406493,0.475008,0.543524,2025-10-24 13:47:17.372216+00:00,15,2025-10-26 06:15:00
2.168592,1.437139,1.802865,2.168592,2.534319,2.900046,0.542148,0.359285,0.450716,0.542148,0.63358,0.725011,2025-10-24 13:47:17.372216+00:00,15,2025-10-26 06:30:00
4.953139,3.28153,4.117334,4.953139,5.788944,6.624748,1.238285,0.820382,1.029334,1.238285,1.447236,1.656187,2025-10-24 13:47:17.372216+00:00,15,2025-10-26 06:45:00
9.98384,6.612538,8.298189,9.98384,11.669491,13.355142,2.49596,1.653134,2.074547,2.49596,2.917373,3.338785,2025-10-24 13:47:17.372216+00:00,15,2025-10-26 07:00:00
12.973166,8.589957,10.781562,12.973166,15.164771,17.356375,3.243292,2.147489,2.69539,3.243292,3.791193,4.339094,2025-10-24 13:47:17.372216+00:00,15,2025-10-26 07:15:00
19.572073,12.955553,16.263813,19.572073,22.880333,26.188592,4.893018,3.238888,4.065953,4.893018,5.720083,6.547148,2025-10-24 13:47:17.372216+00:00,15,2025-10-26 07:30:00
20.346964,13.464573,16.905769,20.346964,23.788159,27.229355,5.086741,3.366143,4.226442,5.086741,5.94704,6.807339,2025-10-24 13:47:17.372216+00:00,15,2025-10-26 07:45:00
19.614959,12.976391,16.295675,19.614959,22.934243,26.253527,4.90374,3.244098,4.073919,4.90374,5.733561,6.563382,2025-10-24 13:47:17.372216+00:00,15,2025-10-26 08:00:00
22.746708,15.043826,18.895267,22.746708,26.598149,30.44959,5.686677,3.760956,4.723817,5.686677,6.649537,7.612398,2025-10-24 13:47:17.372216+00:00,15,2025-10-26 08:15:00
18.977921,12.547619,15.76277,18.977921,22.193072,25.408224,4.74448,3.136905,3.940692,4.74448,5.548268,6.352056,2025-10-24 13:47:17.372216+00:00,15,2025-10-26 08:30:00
22.768649,15.049517,18.909083,22.768649,26.628215,30.487781,5.692162,3.762379,4.727271,5.692162,6.657054,7.621945,2025-10-24 13:47:17.372216+00:00,15,2025-10-26 08:45:00
28.207956,18.639285,23.42362,28.207956,32.992291,37.776627,7.051989,4.659821,5.855905,7.051989,8.248073,9.444157,2025-10-24 13:47:17.372216+00:00,15,2025-10-26 09:00:00
25.365928,16.756388,21.061158,25.365928,29.670698,33.975468,6.341482,4.189097,5.26529,6.341482,7.417675,8.493867,2025-10-24 13:47:17.372216+00:00,15,2025-10-26 09:15:00
29.779776,19.666307,24.723041,29.779776,34.836511,39.893245,7.444944,4.916577,6.18076,7.444944,8.709128,9.973311,2025-10-24 13:47:17.372216+00:00,15,2025-10-26 09:30:00
29.895203,19.73669,24.815946,29.895203,34.974459,40.053716,7.473801,4.934172,6.203987,7.473801,8.743615,10.013429,2025-10-24 13:47:17.372216+00:00,15,2025-10-26 09:45:00
28.787038,18.999445,23.893242,28.787038,33.680835,38.574632,7.19676,4.749861,5.97331,7.19676,8.420209,9.643658,2025-10-24 13:47:17.372216+00:00,15,2025-10-26 10:00:00
29.63872,19.555738,24.597229,29.63872,34.680211,39.721702,7.40968,4.888934,6.149307,7.40968,8.670053,9.930425,2025-10-24 13:47:17.372216+00:00,15,2025-10-26 10:15:00
26.340117,17.374127,21.857122,26.340117,30.823112,35.306107,6.585029,4.343532,5.464281,6.585029,7.705778,8.826527,2025-10-24 13:47:17.372216+00:00,15,2025-10-26 10:30:00
33.659396,22.195341,27.927369,33.659396,39.391423,45.12345,8.414849,5.548835,6.981842,8.414849,9.847856,11.280863,2025-10-24 13:47:17.372216+00:00,15,2025-10-26 10:45:00
38.900833,25.643916,32.272374,38.900833,45.529291,52.15775,9.725208,6.410979,8.068094,9.725208,11.382323,13.039437,2025-10-24 13:47:17.372216+00:00,15,2025-10-26 11:00:00
48.437711,31.921162,40.179437,48.437711,56.695986,64.954261,12.109428,7.98029,10.044859,12.109428,14.173997,16.238565,2025-10-24 13:47:17.372216+00:00,15,2025-10-26 11:15:00
58.521327,38.55481,48.538069,58.521327,68.504586,78.487844,14.630332,9.638702,12.134517,14.630332,17.126146,19.621961,2025-10-24 13:47:17.372216+00:00,15,2025-10-26 11:30:00
49.081289,32.325808,40.703549,49.081289,57.45903,65.83677,12.270322,8.081452,10.175887,12.270322,14.364757,16.459193,2025-10-24 13:47:17.372216+00:00,15,2025-10-26 11:45:00
42.589425,28.041674,35.315549,42.589425,49.8633,57.137175,10.647356,7.010418,8.828887,10.647356,12.465825,14.284294,2025-10-24 13:47:17.372216+00:00,15,2025-10-26 12:00:00
36.447266,23.990293,30.218779,36.447266,42.675752,48.904238,9.111816,5.997573,7.554695,9.111816,10.668938,12.22606,2025-10-24 13:47:17.372216+00:00,15,2025-10-26 12:15:00
27.710661,18.234154,22.972408,27.710661,32.448915,37.187169,6.927665,4.558539,5.743102,6.927665,8.112229,9.296792,2025-10-24 13:47:17.372216+00:00,15,2025-10-26 12:30:00
27.624358,18.171834,22.898096,27.624358,32.350619,37.076881,6.906089,4.542958,5.724524,6.906089,8.087655,9.26922,2025-10-24 13:47:17.372216+00:00,15,2025-10-26 12:45:00
23.942131,15.744792,19.843462,23.942131,28.040801,32.139471,5.985533,3.936198,4.960865,5.985533,7.0102,8.034868,2025-10-24 13:47:17.372216+00:00,15,2025-10-26 13:00:00
18.254729,12.000981,15.127855,18.254729,21.381603,24.508477,4.563682,3.000245,3.781964,4.563682,5.345401,6.127119,2025-10-24 13:47:17.372216+00:00,15,2025-10-26 13:15:00
16.845645,11.071232,13.958439,16.845645,19.732852,22.620059,4.211411,2.767808,3.48961,4.211411,4.933213,5.655015,2025-10-24 13:47:17.372216+00:00,15,2025-10-26 13:30:00
13.657162,8.972953,11.315057,13.657162,15.999266,18.34137,3.41429,2.243238,2.828764,3.41429,3.999816,4.585343,2025-10-24 13:47:17.372216+00:00,15,2025-10-26 13:45:00
13.98414,9.184955,11.584548,13.98414,16.383732,18.783324,3.496035,2.296239,2.896137,3.496035,4.095933,4.695831,2025-10-24 13:47:17.372216+00:00,15,2025-10-26 14:00:00
16.585837,10.890423,13.73813,16.585837,19.433544,22.281251,4.146459,2.722606,3.434532,4.146459,4.858386,5.570313,2025-10-24 13:47:17.372216+00:00,15,2025-10-26 14:15:00
14.949363,9.812864,12.381113,14.949363,17.517612,20.085861,3.737341,2.453216,3.095278,3.737341,4.379403,5.021465,2025-10-24 13:47:17.372216+00:00,15,2025-10-26 14:30:00
16.48871,10.81995,13.65433,16.48871,19.32309,22.157471,4.122178,2.704988,3.413583,4.122178,4.830773,5.539368,2025-10-24 13:47:17.372216+00:00,15,2025-10-26 14:45:00
15.548265,10.199659,12.873962,15.548265,18.222568,20.896871,3.887066,2.549915,3.218491,3.887066,4.555642,5.224218,2025-10-24 13:47:17.372216+00:00,15,2025-10-26 15:00:00
14.595332,9.571557,12.083444,14.595332,17.107219,19.619107,3.648833,2.392889,3.020861,3.648833,4.276805,4.904777,2025-10-24 13:47:17.372216+00:00,15,2025-10-26 15:15:00
11.805893,7.739841,9.772867,11.805893,13.83892,15.871946,2.951473,1.93496,2.443217,2.951473,3.45973,3.967986,2025-10-24 13:47:17.372216+00:00,15,2025-10-26 15:30:00
7.655077,5.017033,6.336055,7.655077,8.974098,10.29312,1.913769,1.254258,1.584014,1.913769,2.243525,2.57328,2025-10-24 13:47:17.372216+00:00,15,2025-10-26 15:45:00
4.029368,2.639966,3.334667,4.029368,4.724069,5.41877,1.007342,0.659992,0.833667,1.007342,1.181017,1.354692,2025-10-24 13:47:17.372216+00:00,15,2025-10-26 16:00:00
0.0,0.0,0.0,0.0,0.0,0.0,0.0,0.0,0.0,0.0,0.0,0.0,2025-10-24 13:47:17.372216+00:00,15,2025-10-26 16:15:00
0.0,0.0,0.0,0.0,0.0,0.0,0.0,0.0,0.0,0.0,0.0,0.0,2025-10-24 13:47:17.372216+00:00,15,2025-10-26 16:30:00
0.0,0.0,0.0,0.0,0.0,0.0,0.0,0.0,0.0,0.0,0.0,0.0,2025-10-24 13:47:17.372216+00:00,15,2025-10-26 16:45:00
0.0,0.0,0.0,0.0,0.0,0.0,0.0,0.0,0.0,0.0,0.0,0.0,2025-10-24 13:47:17.372216+00:00,15,2025-10-26 17:00:00
0.0,0.0,0.0,0.0,0.0,0.0,0.0,0.0,0.0,0.0,0.0,0.0,2025-10-24 13:47:17.372216+00:00,15,2025-10-26 17:15:00
0.0,0.0,0.0,0.0,0.0,0.0,0.0,0.0,0.0,0.0,0.0,0.0,2025-10-24 13:47:17.372216+00:00,15,2025-10-26 17:30:00
0.0,0.0,0.0,0.0,0.0,0.0,0.0,0.0,0.0,0.0,0.0,0.0,2025-10-24 13:47:17.372216+00:00,15,2025-10-26 17:45:00
0.0,0.0,0.0,0.0,0.0,0.0,0.0,0.0,0.0,0.0,0.0,0.0,2025-10-24 13:47:17.372216+00:00,15,2025-10-26 18:00:00
0.0,0.0,0.0,0.0,0.0,0.0,0.0,0.0,0.0,0.0,0.0,0.0,2025-10-24 13:47:17.372216+00:00,15,2025-10-26 18:15:00
0.0,0.0,0.0,0.0,0.0,0.0,0.0,0.0,0.0,0.0,0.0,0.0,2025-10-24 13:47:17.372216+00:00,15,2025-10-26 18:30:00
0.0,0.0,0.0,0.0,0.0,0.0,0.0,0.0,0.0,0.0,0.0,0.0,2025-10-24 13:47:17.372216+00:00,15,2025-10-26 18:45:00
0.0,0.0,0.0,0.0,0.0,0.0,0.0,0.0,0.0,0.0,0.0,0.0,2025-10-24 13:47:17.372216+00:00,15,2025-10-26 19:00:00
0.0,0.0,0.0,0.0,0.0,0.0,0.0,0.0,0.0,0.0,0.0,0.0,2025-10-24 13:47:17.372216+00:00,15,2025-10-26 19:15:00
0.0,0.0,0.0,0.0,0.0,0.0,0.0,0.0,0.0,0.0,0.0,0.0,2025-10-24 13:47:17.372216+00:00,15,2025-10-26 19:30:00
0.0,0.0,0.0,0.0,0.0,0.0,0.0,0.0,0.0,0.0,0.0,0.0,2025-10-24 13:47:17.372216+00:00,15,2025-10-26 19:45:00
0.0,0.0,0.0,0.0,0.0,0.0,0.0,0.0,0.0,0.0,0.0,0.0,2025-10-24 13:47:17.372216+00:00,15,2025-10-26 20:00:00
0.0,0.0,0.0,0.0,0.0,0.0,0.0,0.0,0.0,0.0,0.0,0.0,2025-10-24 13:47:17.372216+00:00,15,2025-10-26 20:15:00
0.0,0.0,0.0,0.0,0.0,0.0,0.0,0.0,0.0,0.0,0.0,0.0,2025-10-24 13:47:17.372216+00:00,15,2025-10-26 20:30:00
0.0,0.0,0.0,0.0,0.0,0.0,0.0,0.0,0.0,0.0,0.0,0.0,2025-10-24 13:47:17.372216+00:00,15,2025-10-26 20:45:00
0.0,0.0,0.0,0.0,0.0,0.0,0.0,0.0,0.0,0.0,0.0,0.0,2025-10-24 13:47:17.372216+00:00,15,2025-10-26 21:00:00
0.0,0.0,0.0,0.0,0.0,0.0,0.0,0.0,0.0,0.0,0.0,0.0,2025-10-24 13:47:17.372216+00:00,15,2025-10-26 21:15:00
0.0,0.0,0.0,0.0,0.0,0.0,0.0,0.0,0.0,0.0,0.0,0.0,2025-10-24 13:47:17.372216+00:00,15,2025-10-26 21:30:00
0.0,0.0,0.0,0.0,0.0,0.0,0.0,0.0,0.0,0.0,0.0,0.0,2025-10-24 13:47:17.372216+00:00,15,2025-10-26 21:45:00
0.0,0.0,0.0,0.0,0.0,0.0,0.0,0.0,0.0,0.0,0.0,0.0,2025-10-24 13:47:17.372216+00:00,15,2025-10-26 22:00:00
0.0,0.0,0.0,0.0,0.0,0.0,0.0,0.0,0.0,0.0,0.0,0.0,2025-10-24 13:47:17.372216+00:00,15,2025-10-26 22:15:00
0.0,0.0,0.0,0.0,0.0,0.0,0.0,0.0,0.0,0.0,0.0,0.0,2025-10-24 13:47:17.372216+00:00,15,2025-10-26 22:30:00
0.0,0.0,0.0,0.0,0.0,0.0,0.0,0.0,0.0,0.0,0.0,0.0,2025-10-24 13:47:17.372216+00:00,15,2025-10-26 22:45:00
0.0,0.0,0.0,0.0,0.0,0.0,0.0,0.0,0.0,0.0,0.0,0.0,2025-10-24 13:47:17.372216+00:00,15,2025-10-26 23:00:00
0.0,0.0,0.0,0.0,0.0,0.0,0.0,0.0,0.0,0.0,0.0,0.0,2025-10-24 13:47:17.372216+00:00,15,2025-10-26 23:15:00
0.0,0.0,0.0,0.0,0.0,0.0,0.0,0.0,0.0,0.0,0.0,0.0,2025-10-24 13:47:17.372216+00:00,15,2025-10-26 23:30:00
0.0,0.0,0.0,0.0,0.0,0.0,0.0,0.0,0.0,0.0,0.0,0.0,2025-10-24 13:47:17.372216+00:00,15,2025-10-26 23:45:00
0.0,0.0,0.0,0.0,0.0,0.0,0.0,0.0,0.0,0.0,0.0,0.0,2025-10-24 13:47:17.372216+00:00,15,2025-10-27 00:00:00
0.0,0.0,0.0,0.0,0.0,0.0,0.0,0.0,0.0,0.0,0.0,0.0,2025-10-24 13:47:17.372216+00:00,15,2025-10-27 00:15:00
0.0,0.0,0.0,0.0,0.0,0.0,0.0,0.0,0.0,0.0,0.0,0.0,2025-10-24 13:47:17.372216+00:00,15,2025-10-27 00:30:00
0.0,0.0,0.0,0.0,0.0,0.0,0.0,0.0,0.0,0.0,0.0,0.0,2025-10-24 13:47:17.372216+00:00,15,2025-10-27 00:45:00
0.0,0.0,0.0,0.0,0.0,0.0,0.0,0.0,0.0,0.0,0.0,0.0,2025-10-24 13:47:17.372216+00:00,15,2025-10-27 01:00:00
0.0,0.0,0.0,0.0,0.0,0.0,0.0,0.0,0.0,0.0,0.0,0.0,2025-10-24 13:47:17.372216+00:00,15,2025-10-27 01:15:00
0.0,0.0,0.0,0.0,0.0,0.0,0.0,0.0,0.0,0.0,0.0,0.0,2025-10-24 13:47:17.372216+00:00,15,2025-10-27 01:30:00
0.0,0.0,0.0,0.0,0.0,0.0,0.0,0.0,0.0,0.0,0.0,0.0,2025-10-24 13:47:17.372216+00:00,15,2025-10-27 01:45:00
0.0,0.0,0.0,0.0,0.0,0.0,0.0,0.0,0.0,0.0,0.0,0.0,2025-10-24 13:47:17.372216+00:00,15,2025-10-27 02:00:00
0.0,0.0,0.0,0.0,0.0,0.0,0.0,0.0,0.0,0.0,0.0,0.0,2025-10-24 13:47:17.372216+00:00,15,2025-10-27 02:15:00
0.0,0.0,0.0,0.0,0.0,0.0,0.0,0.0,0.0,0.0,0.0,0.0,2025-10-24 13:47:17.372216+00:00,15,2025-10-27 02:30:00
0.0,0.0,0.0,0.0,0.0,0.0,0.0,0.0,0.0,0.0,0.0,0.0,2025-10-24 13:47:17.372216+00:00,15,2025-10-27 02:45:00
0.0,0.0,0.0,0.0,0.0,0.0,0.0,0.0,0.0,0.0,0.0,0.0,2025-10-24 13:47:17.372216+00:00,15,2025-10-27 03:00:00
0.0,0.0,0.0,0.0,0.0,0.0,0.0,0.0,0.0,0.0,0.0,0.0,2025-10-24 13:47:17.372216+00:00,15,2025-10-27 03:15:00
0.0,0.0,0.0,0.0,0.0,0.0,0.0,0.0,0.0,0.0,0.0,0.0,2025-10-24 13:47:17.372216+00:00,15,2025-10-27 03:30:00
0.0,0.0,0.0,0.0,0.0,0.0,0.0,0.0,0.0,0.0,0.0,0.0,2025-10-24 13:47:17.372216+00:00,15,2025-10-27 03:45:00
0.0,0.0,0.0,0.0,0.0,0.0,0.0,0.0,0.0,0.0,0.0,0.0,2025-10-24 13:47:17.372216+00:00,15,2025-10-27 04:00:00
0.0,0.0,0.0,0.0,0.0,0.0,0.0,0.0,0.0,0.0,0.0,0.0,2025-10-24 13:47:17.372216+00:00,15,2025-10-27 04:15:00
0.0,0.0,0.0,0.0,0.0,0.0,0.0,0.0,0.0,0.0,0.0,0.0,2025-10-24 13:47:17.372216+00:00,15,2025-10-27 04:30:00
0.0,0.0,0.0,0.0,0.0,0.0,0.0,0.0,0.0,0.0,0.0,0.0,2025-10-24 13:47:17.372216+00:00,15,2025-10-27 04:45:00
0.0,0.0,0.0,0.0,0.0,0.0,0.0,0.0,0.0,0.0,0.0,0.0,2025-10-24 13:47:17.372216+00:00,15,2025-10-27 05:00:00
0.0,0.0,0.0,0.0,0.0,0.0,0.0,0.0,0.0,0.0,0.0,0.0,2025-10-24 13:47:17.372216+00:00,15,2025-10-27 05:15:00
0.0,0.0,0.0,0.0,0.0,0.0,0.0,0.0,0.0,0.0,0.0,0.0,2025-10-24 13:47:17.372216+00:00,15,2025-10-27 05:30:00
8.781723,5.910317,7.34602,8.781723,10.217426,11.653129,2.195431,1.477579,1.836505,2.195431,2.554357,2.913282,2025-10-24 13:47:17.372216+00:00,15,2025-10-27 05:45:00
22.476286,15.121567,18.798927,22.476286,26.153646,29.831006,5.619072,3.780392,4.699732,5.619072,6.538412,7.457751,2025-10-24 13:47:17.372216+00:00,15,2025-10-27 06:00:00
33.888592,22.791174,28.339883,33.888592,39.437301,44.98601,8.472148,5.697794,7.084971,8.472148,9.859325,11.246502,2025-10-24 13:47:17.372216+00:00,15,2025-10-27 06:15:00
42.31959,28.450853,35.385221,42.31959,49.253958,56.188326,10.579897,7.112713,8.846305,10.579897,12.31349,14.047082,2025-10-24 13:47:17.372216+00:00,15,2025-10-27 06:30:00
115.197363,77.417076,96.307219,115.197363,134.087507,152.97765,28.799341,19.354269,24.076805,28.799341,33.521877,38.244413,2025-10-24 13:47:17.372216+00:00,15,2025-10-27 06:45:00
188.994626,151.862592,170.428609,188.994626,207.560642,226.126659,47.248656,37.965648,42.607152,47.248656,51.890161,56.531665,2025-10-24 13:47:17.372216+00:00,15,2025-10-27 07:00:00
264.924621,212.764957,238.844789,264.924621,291.004452,317.084284,66.231155,53.191239,59.711197,66.231155,72.751113,79.271071,2025-10-24 13:47:17.372216+00:00,15,2025-10-27 07:15:00
348.481254,279.726428,314.103841,348.481254,382.858667,417.236079,87.120313,69.931607,78.52596,87.120313,95.714667,104.30902,2025-10-24 13:47:17.372216+00:00,15,2025-10-27 07:30:00
655.310023,525.747322,590.528672,655.310023,720.091373,784.872724,163.827506,131.43683,147.632168,163.827506,180.022843,196.218181,2025-10-24 13:47:17.372216+00:00,15,2025-10-27 07:45:00
972.25839,781.047573,876.652982,972.25839,1067.863798,1163.469207,243.064597,195.261893,219.163245,243.064597,266.96595,290.867302,2025-10-24 13:47:17.372216+00:00,15,2025-10-27 08:00:00
1303.619057,1046.697468,1175.158262,1303.619057,1432.079851,1560.540646,325.904764,261.674367,293.789566,325.904764,358.019963,390.135162,2025-10-24 13:47:17.372216+00:00,15,2025-10-27 08:15:00
1642.849571,1318.38678,1480.618176,1642.849571,1805.080966,1967.312361,410.712393,329.596695,370.154544,410.712393,451.270241,491.82809,2025-10-24 13:47:17.372216+00:00,15,2025-10-27 08:30:00
1767.402001,1417.603688,1592.502844,1767.402001,1942.301157,2117.200313,441.8505,354.400922,398.125711,441.8505,485.575289,529.300078,2025-10-24 13:47:17.372216+00:00,15,2025-10-27 08:45:00
1886.394706,1512.259756,1699.327231,1886.394706,2073.462182,2260.529657,471.598677,378.064939,424.831808,471.598677,518.365545,565.132414,2025-10-24 13:47:17.372216+00:00,15,2025-10-27 09:00:00
1999.322025,1601.956772,1800.639398,1999.322025,2198.004651,2396.687277,499.830506,400.489193,450.15985,499.830506,549.501163,599.171819,2025-10-24 13:47:17.372216+00:00,15,2025-10-27 09:15:00
2105.705943,1686.319509,1896.012726,2105.705943,2315.39916,2500.0,526.426486,421.579877,474.003182,526.426486,578.84979,625.0,2025-10-24 13:47:17.372216+00:00,15,2025-10-27 09:30:00
2169.651063,1736.624872,1953.137968,2169.651063,2386.164159,2500.0,542.412766,434.156218,488.284492,542.412766,596.54104,625.0,2025-10-24 13:47:17.372216+00:00,15,2025-10-27 09:45:00
2224.98989,1779.991912,2002.490901,2224.98989,2447.488879,2500.0,556.247472,444.997978,500.622725,556.247472,611.87222,625.0,2025-10-24 13:47:17.372216+00:00,15,2025-10-27 10:00:00
2271.505987,1816.258328,2043.882158,2271.505987,2499.129816,2500.0,567.876497,454.064582,510.970539,567.876497,624.782454,625.0,2025-10-24 13:47:17.372216+00:00,15,2025-10-27 10:15:00
2309.019633,1845.291523,2077.155578,2309.019633,2500.0,2500.0,577.254908,461.322881,519.288895,577.254908,625.0,625.0,2025-10-24 13:47:17.372216+00:00,15,2025-10-27 10:30:00
2022.128389,1615.17505,1818.65172,2022.128389,2225.605058,2429.081727,505.532097,403.793763,454.66293,505.532097,556.401264,607.270432,2025-10-24 13:47:17.372216+00:00,15,2025-10-27 10:45:00
1840.426773,1188.826164,1514.626468,1840.426773,2166.227077,2492.027381,460.106693,297.206541,378.656617,460.106693,541.556769,623.006845,2025-10-24 13:47:17.372216+00:00,15,2025-10-27 11:00:00
1634.696633,1055.546262,1345.121447,1634.696633,1924.271818,2213.847003,408.674158,263.886565,336.280362,408.674158,481.067954,553.461751,2025-10-24 13:47:17.372216+00:00,15,2025-10-27 11:15:00
1401.840289,904.854295,1153.347292,1401.840289,1650.333286,1898.826284,350.460072,226.213574,288.336823,350.460072,412.583322,474.706571,2025-10-24 13:47:17.372216+00:00,15,2025-10-27 11:30:00
1588.690526,1025.08328,1306.886903,1588.690526,1870.494148,2152.297771,397.172631,256.27082,326.721726,397.172631,467.623537,538.074443,2025-10-24 13:47:17.372216+00:00,15,2025-10-27 11:45:00
1654.546568,1318.122099,1486.334334,1654.546568,1822.758802,1990.971037,413.636642,329.530525,371.583583,413.636642,455.689701,497.742759,2025-10-24 13:47:17.372216+00:00,15,2025-10-27 12:00:00
1729.257677,1376.921426,1553.089552,1729.257677,1905.425803,2081.593929,432.314419,344.230356,388.272388,432.314419,476.356451,520.398482,2025-10-24 13:47:17.372216+00:00,15,2025-10-27 12:15:00
1816.615902,1445.723489,1631.169696,1816.615902,2002.062109,2187.508316,454.153976,361.430872,407.792424,454.153976,500.515527,546.877079,2025-10-24 13:47:17.372216+00:00,15,2025-10-27 12:30:00
1749.154097,1391.306321,1570.230209,1749.154097,1928.077985,2107.001872,437.288524,347.82658,392.557552,437.288524,482.019496,526.750468,2025-10-24 13:47:17.372216+00:00,15,2025-10-27 12:45:00
1673.440531,1330.385222,1501.912876,1673.440531,1844.968185,2016.49584,418.360133,332.596306,375.478219,418.360133,461.242046,504.12396,2025-10-24 13:47:17.372216+00:00,15,2025-10-27 13:00:00
1589.649884,1263.109303,1426.379594,1589.649884,1752.920174,1916.190464,397.412471,315.777326,356.594898,397.412471,438.230043,479.047616,2025-10-24 13:47:17.372216+00:00,15,2025-10-27 13:15:00
1497.993008,1189.656114,1343.824561,1497.993008,1652.161455,1806.329902,374.498252,297.414028,335.95614,374.498252,413.040364,451.582475,2025-10-24 13:47:17.372216+00:00,15,2025-10-27 13:30:00
1356.029253,1076.34822,1216.188736,1356.029253,1495.86977,1635.710287,339.007313,269.087055,304.047184,339.007313,373.967442,408.927572,2025-10-24 13:47:17.372216+00:00,15,2025-10-27 13:45:00
1210.983949,960.687566,1085.835758,1210.983949,1336.13214,1461.280332,302.745987,240.171892,271.458939,302.745987,334.033035,365.320083,2025-10-24 13:47:17.372216+00:00,15,2025-10-27 14:00:00
1065.782954,845.053909,955.418431,1065.782954,1176.147477,1286.511999,266.445738,211.263477,238.854608,266.445738,294.036869,321.628,2025-10-24 13:47:17.372216+00:00,15,2025-10-27 14:15:00
919.975506,729.060639,824.518072,919.975506,1015.43294,1110.890374,229.993877,182.26516,206.129518,229.993877,253.858235,277.722594,2025-10-24 13:47:17.372216+00:00,15,2025-10-27 14:30:00
743.342513,588.773128,666.05782,743.342513,820.627205,897.911898,185.835628,147.193282,166.514455,185.835628,205.156801,224.477974,2025-10-24 13:47:17.372216+00:00,15,2025-10-27 14:45:00
587.371662,441.556983,514.464322,587.371662,660.279001,733.18634,146.842915,110.389246,128.616081,146.842915,165.06975,183.296585,2025-10-24 13:47:17.372216+00:00,15,2025-10-27 15:00:00
369.235952,277.444189,323.340071,369.235952,415.131833,461.027714,92.308988,69.361047,80.835018,92.308988,103.782958,115.256929,2025-10-24 13:47:17.372216+00:00,15,2025-10-27 15:15:00
177.082684,132.998095,155.040389,177.082684,199.124978,221.167273,44.270671,33.249524,38.760097,44.270671,49.781245,55.291818,2025-10-24 13:47:17.372216+00:00,15,2025-10-27 15:30:00
86.196431,64.707715,75.452073,86.196431,96.940788,107.685146,21.549108,16.176929,18.863018,21.549108,24.235197,26.921287,2025-10-24 13:47:17.372216+00:00,15,2025-10-27 15:45:00
0.0,0.0,0.0,0.0,0.0,0.0,0.0,0.0,0.0,0.0,0.0,0.0,2025-10-24 13:47:17.372216+00:00,15,2025-10-27 16:00:00
0.0,0.0,0.0,0.0,0.0,0.0,0.0,0.0,0.0,0.0,0.0,0.0,2025-10-24 13:47:17.372216+00:00,15,2025-10-27 16:15:00
0.0,0.0,0.0,0.0,0.0,0.0,0.0,0.0,0.0,0.0,0.0,0.0,2025-10-24 13:47:17.372216+00:00,15,2025-10-27 16:30:00
0.0,0.0,0.0,0.0,0.0,0.0,0.0,0.0,0.0,0.0,0.0,0.0,2025-10-24 13:47:17.372216+00:00,15,2025-10-27 16:45:00
0.0,0.0,0.0,0.0,0.0,0.0,0.0,0.0,0.0,0.0,0.0,0.0,2025-10-24 13:47:17.372216+00:00,15,2025-10-27 17:00:00
0.0,0.0,0.0,0.0,0.0,0.0,0.0,0.0,0.0,0.0,0.0,0.0,2025-10-24 13:47:17.372216+00:00,15,2025-10-27 17:15:00
0.0,0.0,0.0,0.0,0.0,0.0,0.0,0.0,0.0,0.0,0.0,0.0,2025-10-24 13:47:17.372216+00:00,15,2025-10-27 17:30:00
0.0,0.0,0.0,0.0,0.0,0.0,0.0,0.0,0.0,0.0,0.0,0.0,2025-10-24 13:47:17.372216+00:00,15,2025-10-27 17:45:00
0.0,0.0,0.0,0.0,0.0,0.0,0.0,0.0,0.0,0.0,0.0,0.0,2025-10-24 13:47:17.372216+00:00,15,2025-10-27 18:00:00
0.0,0.0,0.0,0.0,0.0,0.0,0.0,0.0,0.0,0.0,0.0,0.0,2025-10-24 13:47:17.372216+00:00,15,2025-10-27 18:15:00
0.0,0.0,0.0,0.0,0.0,0.0,0.0,0.0,0.0,0.0,0.0,0.0,2025-10-24 13:47:17.372216+00:00,15,2025-10-27 18:30:00
0.0,0.0,0.0,0.0,0.0,0.0,0.0,0.0,0.0,0.0,0.0,0.0,2025-10-24 13:47:17.372216+00:00,15,2025-10-27 18:45:00
0.0,0.0,0.0,0.0,0.0,0.0,0.0,0.0,0.0,0.0,0.0,0.0,2025-10-24 13:47:17.372216+00:00,15,2025-10-27 19:00:00
0.0,0.0,0.0,0.0,0.0,0.0,0.0,0.0,0.0,0.0,0.0,0.0,2025-10-24 13:47:17.372216+00:00,15,2025-10-27 19:15:00
0.0,0.0,0.0,0.0,0.0,0.0,0.0,0.0,0.0,0.0,0.0,0.0,2025-10-24 13:47:17.372216+00:00,15,2025-10-27 19:30:00
0.0,0.0,0.0,0.0,0.0,0.0,0.0,0.0,0.0,0.0,0.0,0.0,2025-10-24 13:47:17.372216+00:00,15,2025-10-27 19:45:00
0.0,0.0,0.0,0.0,0.0,0.0,0.0,0.0,0.0,0.0,0.0,0.0,2025-10-24 13:47:17.372216+00:00,15,2025-10-27 20:00:00
0.0,0.0,0.0,0.0,0.0,0.0,0.0,0.0,0.0,0.0,0.0,0.0,2025-10-24 13:47:17.372216+00:00,15,2025-10-27 20:15:00
0.0,0.0,0.0,0.0,0.0,0.0,0.0,0.0,0.0,0.0,0.0,0.0,2025-10-24 13:47:17.372216+00:00,15,2025-10-27 20:30:00
0.0,0.0,0.0,0.0,0.0,0.0,0.0,0.0,0.0,0.0,0.0,0.0,2025-10-24 13:47:17.372216+00:00,15,2025-10-27 20:45:00
0.0,0.0,0.0,0.0,0.0,0.0,0.0,0.0,0.0,0.0,0.0,0.0,2025-10-24 13:47:17.372216+00:00,15,2025-10-27 21:00:00
0.0,0.0,0.0,0.0,0.0,0.0,0.0,0.0,0.0,0.0,0.0,0.0,2025-10-24 13:47:17.372216+00:00,15,2025-10-27 21:15:00
0.0,0.0,0.0,0.0,0.0,0.0,0.0,0.0,0.0,0.0,0.0,0.0,2025-10-24 13:47:17.372216+00:00,15,2025-10-27 21:30:00
0.0,0.0,0.0,0.0,0.0,0.0,0.0,0.0,0.0,0.0,0.0,0.0,2025-10-24 13:47:17.372216+00:00,15,2025-10-27 21:45:00
0.0,0.0,0.0,0.0,0.0,0.0,0.0,0.0,0.0,0.0,0.0,0.0,2025-10-24 13:47:17.372216+00:00,15,2025-10-27 22:00:00
0.0,0.0,0.0,0.0,0.0,0.0,0.0,0.0,0.0,0.0,0.0,0.0,2025-10-24 13:47:17.372216+00:00,15,2025-10-27 22:15:00
0.0,0.0,0.0,0.0,0.0,0.0,0.0,0.0,0.0,0.0,0.0,0.0,2025-10-24 13:47:17.372216+00:00,15,2025-10-27 22:30:00
0.0,0.0,0.0,0.0,0.0,0.0,0.0,0.0,0.0,0.0,0.0,0.0,2025-10-24 13:47:17.372216+00:00,15,2025-10-27 22:45:00
0.0,0.0,0.0,0.0,0.0,0.0,0.0,0.0,0.0,0.0,0.0,0.0,2025-10-24 13:47:17.372216+00:00,15,2025-10-27 23:00:00
0.0,0.0,0.0,0.0,0.0,0.0,0.0,0.0,0.0,0.0,0.0,0.0,2025-10-24 13:47:17.372216+00:00,15,2025-10-27 23:15:00
0.0,0.0,0.0,0.0,0.0,0.0,0.0,0.0,0.0,0.0,0.0,0.0,2025-10-24 13:47:17.372216+00:00,15,2025-10-27 23:30:00
0.0,0.0,0.0,0.0,0.0,0.0,0.0,0.0,0.0,0.0,0.0,0.0,2025-10-24 13:47:17.372216+00:00,15,2025-10-27 23:45:00
0.0,0.0,0.0,0.0,0.0,0.0,0.0,0.0,0.0,0.0,0.0,0.0,2025-10-24 13:47:17.372216+00:00,15,2025-10-28 00:00:00
0.0,0.0,0.0,0.0,0.0,0.0,0.0,0.0,0.0,0.0,0.0,0.0,2025-10-24 13:47:17.372216+00:00,15,2025-10-28 00:15:00
0.0,0.0,0.0,0.0,0.0,0.0,0.0,0.0,0.0,0.0,0.0,0.0,2025-10-24 13:47:17.372216+00:00,15,2025-10-28 00:30:00
0.0,0.0,0.0,0.0,0.0,0.0,0.0,0.0,0.0,0.0,0.0,0.0,2025-10-24 13:47:17.372216+00:00,15,2025-10-28 00:45:00
0.0,0.0,0.0,0.0,0.0,0.0,0.0,0.0,0.0,0.0,0.0,0.0,2025-10-24 13:47:17.372216+00:00,15,2025-10-28 01:00:00
0.0,0.0,0.0,0.0,0.0,0.0,0.0,0.0,0.0,0.0,0.0,0.0,2025-10-24 13:47:17.372216+00:00,15,2025-10-28 01:15:00
0.0,0.0,0.0,0.0,0.0,0.0,0.0,0.0,0.0,0.0,0.0,0.0,2025-10-24 13:47:17.372216+00:00,15,2025-10-28 01:30:00
0.0,0.0,0.0,0.0,0.0,0.0,0.0,0.0,0.0,0.0,0.0,0.0,2025-10-24 13:47:17.372216+00:00,15,2025-10-28 01:45:00
0.0,0.0,0.0,0.0,0.0,0.0,0.0,0.0,0.0,0.0,0.0,0.0,2025-10-24 13:47:17.372216+00:00,15,2025-10-28 02:00:00
0.0,0.0,0.0,0.0,0.0,0.0,0.0,0.0,0.0,0.0,0.0,0.0,2025-10-24 13:47:17.372216+00:00,15,2025-10-28 02:15:00
0.0,0.0,0.0,0.0,0.0,0.0,0.0,0.0,0.0,0.0,0.0,0.0,2025-10-24 13:47:17.372216+00:00,15,2025-10-28 02:30:00
0.0,0.0,0.0,0.0,0.0,0.0,0.0,0.0,0.0,0.0,0.0,0.0,2025-10-24 13:47:17.372216+00:00,15,2025-10-28 02:45:00
0.0,0.0,0.0,0.0,0.0,0.0,0.0,0.0,0.0,0.0,0.0,0.0,2025-10-24 13:47:17.372216+00:00,15,2025-10-28 03:00:00
0.0,0.0,0.0,0.0,0.0,0.0,0.0,0.0,0.0,0.0,0.0,0.0,2025-10-24 13:47:17.372216+00:00,15,2025-10-28 03:15:00
0.0,0.0,0.0,0.0,0.0,0.0,0.0,0.0,0.0,0.0,0.0,0.0,2025-10-24 13:47:17.372216+00:00,15,2025-10-28 03:30:00
0.0,0.0,0.0,0.0,0.0,0.0,0.0,0.0,0.0,0.0,0.0,0.0,2025-10-24 13:47:17.372216+00:00,15,2025-10-28 03:45:00
0.0,0.0,0.0,0.0,0.0,0.0,0.0,0.0,0.0,0.0,0.0,0.0,2025-10-24 13:47:17.372216+00:00,15,2025-10-28 04:00:00
0.0,0.0,0.0,0.0,0.0,0.0,0.0,0.0,0.0,0.0,0.0,0.0,2025-10-24 13:47:17.372216+00:00,15,2025-10-28 04:15:00
0.0,0.0,0.0,0.0,0.0,0.0,0.0,0.0,0.0,0.0,0.0,0.0,2025-10-24 13:47:17.372216+00:00,15,2025-10-28 04:30:00
0.0,0.0,0.0,0.0,0.0,0.0,0.0,0.0,0.0,0.0,0.0,0.0,2025-10-24 13:47:17.372216+00:00,15,2025-10-28 04:45:00
0.0,0.0,0.0,0.0,0.0,0.0,0.0,0.0,0.0,0.0,0.0,0.0,2025-10-24 13:47:17.372216+00:00,15,2025-10-28 05:00:00
0.0,0.0,0.0,0.0,0.0,0.0,0.0,0.0,0.0,0.0,0.0,0.0,2025-10-24 13:47:17.372216+00:00,15,2025-10-28 05:15:00
0.0,0.0,0.0,0.0,0.0,0.0,0.0,0.0,0.0,0.0,0.0,0.0,2025-10-24 13:47:17.372216+00:00,15,2025-10-28 05:30:00
31.433105,23.681726,27.557416,31.433105,35.308795,39.184484,7.858276,5.920432,6.889354,7.858276,8.827199,9.796121,2025-10-24 13:47:17.372216+00:00,15,2025-10-28 05:45:00
66.462466,50.954558,58.708512,66.462466,74.216421,81.970375,16.615617,12.738639,14.677128,16.615617,18.554105,20.492594,2025-10-24 13:47:17.372216+00:00,15,2025-10-28 06:00:00
104.962606,80.427596,92.695101,104.962606,117.23011,129.497615,26.240651,20.106899,23.173775,26.240651,29.307528,32.374404,2025-10-24 13:47:17.372216+00:00,15,2025-10-28 06:15:00
146.788236,112.415324,129.60178,146.788236,163.974692,181.161149,36.697059,28.103831,32.400445,36.697059,40.993673,45.290287,2025-10-24 13:47:17.372216+00:00,15,2025-10-28 06:30:00
274.697357,210.257935,242.477646,274.697357,306.917068,339.136778,68.674339,52.564484,60.619412,68.674339,76.729267,84.784195,2025-10-24 13:47:17.372216+00:00,15,2025-10-28 06:45:00
409.384461,313.179113,361.281787,409.384461,457.487135,505.589809,102.346115,78.294778,90.320447,102.346115,114.371784,126.397452,2025-10-24 13:47:17.372216+00:00,15,2025-10-28 07:00:00
550.302766,420.752323,485.527545,550.302766,615.077988,679.853209,137.575692,105.188081,121.381886,137.575692,153.769497,169.963302,2025-10-24 13:47:17.372216+00:00,15,2025-10-28 07:15:00
696.884003,532.535526,614.709764,696.884003,779.058242,861.23248,174.221001,133.133881,153.677441,174.221001,194.76456,215.30812,2025-10-24 13:47:17.372216+00:00,15,2025-10-28 07:30:00
854.851828,652.893084,753.872456,854.851828,955.8312,1056.810573,213.712957,163.223271,188.468114,213.712957,238.9578,264.202643,2025-10-24 13:47:17.372216+00:00,15,2025-10-28 07:45:00
1014.748794,774.591579,894.670186,1014.748794,1134.827401,1254.906008,253.687198,193.647895,223.667547,253.687198,283.70685,313.726502,2025-10-24 13:47:17.372216+00:00,15,2025-10-28 08:00:00
1175.919889,897.128882,1036.524386,1175.919889,1315.315393,1454.710896,293.979972,224.282221,259.131096,293.979972,328.828848,363.677724,2025-10-24 13:47:17.372216+00:00,15,2025-10-28 08:15:00
1337.70735,1020.001854,1178.854602,1337.70735,1496.560097,1655.412845,334.426837,255.000464,294.71365,334.426837,374.140024,413.853211,2025-10-24 13:47:17.372216+00:00,15,2025-10-28 08:30:00
1475.745155,1124.640787,1300.192971,1475.745155,1651.297339,1826.849523,368.936289,281.160197,325.048243,368.936289,412.824335,456.712381,2025-10-24 13:47:17.372216+00:00,15,2025-10-28 08:45:00
1610.437968,1226.616919,1418.527444,1610.437968,1802.348493,1994.259017,402.609492,306.65423,354.631861,402.609492,450.587123,498.564754,2025-10-24 13:47:17.372216+00:00,15,2025-10-28 09:00:00
1741.236489,1325.516277,1533.376383,1741.236489,1949.096595,2156.956701,435.309122,331.379069,383.344096,435.309122,487.274149,539.239175,2025-10-24 13:47:17.372216+00:00,15,2025-10-28 09:15:00
1867.607997,1420.938418,1644.273207,1867.607997,2090.942787,2314.277576,466.901999,355.234604,411.068302,466.901999,522.735697,578.569394,2025-10-24 13:47:17.372216+00:00,15,2025-10-28 09:30:00
1911.175022,1453.289339,1682.232181,1911.175022,2140.117863,2369.060704,477.793755,363.322335,420.558045,477.793755,535.029466,592.265176,2025-10-24 13:47:17.372216+00:00,15,2025-10-28 09:45:00
1957.460872,1481.507974,1719.484423,1957.460872,2195.437321,2433.413769,489.365218,370.376994,429.871106,489.365218,548.85933,608.353442,2025-10-24 13:47:17.372216+00:00,15,2025-10-28 10:00:00
2010.951483,1521.165378,1766.058431,2010.951483,2255.844535,2500.0,502.737871,380.291345,441.514608,502.737871,563.961134,625.0,2025-10-24 13:47:17.372216+00:00,15,2025-10-28 10:15:00
2037.06188,1540.078501,1788.570191,2037.06188,2285.55357,2500.0,509.26547,385.019625,447.142548,509.26547,571.388393,625.0,2025-10-24 13:47:17.372216+00:00,15,2025-10-28 10:30:00
1983.66908,1498.896061,1741.282571,1983.66908,2226.05559,2468.4421,495.91727,374.724015,435.320643,495.91727,556.513898,617.110525,2025-10-24 13:47:17.372216+00:00,15,2025-10-28 10:45:00
1958.542764,1453.471161,1706.006963,1958.542764,2211.078566,2463.614367,489.635691,363.36779,426.501741,489.635691,552.769641,615.903592,2025-10-24 13:47:17.372216+00:00,15,2025-10-28 11:00:00
1911.046503,1417.477018,1664.261761,1911.046503,2157.831246,2404.615989,477.761626,354.369254,416.06544,477.761626,539.457812,601.153997,2025-10-24 13:47:17.372216+00:00,15,2025-10-28 11:15:00
1844.780055,1367.604773,1606.192414,1844.780055,2083.367696,2321.955337,461.195014,341.901193,401.548103,461.195014,520.841924,580.488834,2025-10-24 13:47:17.372216+00:00,15,2025-10-28 11:30:00
1804.808921,1337.267581,1571.038251,1804.808921,2038.579591,2272.350261,451.20223,334.316895,392.759563,451.20223,509.644898,568.087565,2025-10-24 13:47:17.372216+00:00,15,2025-10-28 11:45:00
1747.124941,1275.400848,1511.262894,1747.124941,1982.986988,2218.849035,436.781235,318.850212,377.815724,436.781235,495.746747,554.712259,2025-10-24 13:47:17.372216+00:00,15,2025-10-28 12:00:00
1603.71431,1170.108802,1386.911556,1603.71431,1820.517064,2037.319818,400.928578,292.527201,346.727889,400.928578,455.129266,509.329954,2025-10-24 13:47:17.372216+00:00,15,2025-10-28 12:15:00
1489.854028,1086.473852,1288.16394,1489.854028,1691.544115,1893.234203,372.463507,271.618463,322.040985,372.463507,422.886029,473.308551,2025-10-24 13:47:17.372216+00:00,15,2025-10-28 12:30:00
1411.462553,1028.776537,1220.119545,1411.462553,1602.805561,1794.148569,352.865638,257.194134,305.029886,352.865638,400.70139,448.537142,2025-10-24 13:47:17.372216+00:00,15,2025-10-28 12:45:00
1309.152807,967.453893,1138.30335,1309.152807,1480.002265,1650.851722,327.288202,241.863473,284.575838,327.288202,370.000566,412.71293,2025-10-24 13:47:17.372216+00:00,15,2025-10-28 13:00:00
1296.536513,957.623405,1127.079959,1296.536513,1465.993067,1635.44962,324.134128,239.405851,281.76999,324.134128,366.498267,408.862405,2025-10-24 13:47:17.372216+00:00,15,2025-10-28 13:15:00
1304.920885,963.305587,1134.113236,1304.920885,1475.728534,1646.536182,326.230221,240.826397,283.528309,326.230221,368.932133,411.634046,2025-10-24 13:47:17.372216+00:00,15,2025-10-28 13:30:00
1239.999492,914.894746,1077.447119,1239.999492,1402.551865,1565.104239,309.999873,228.723687,269.36178,309.999873,350.637966,391.27606,2025-10-24 13:47:17.372216+00:00,15,2025-10-28 13:45:00
1145.65291,860.064723,1002.858816,1145.65291,1288.447004,1431.241097,286.413227,215.016181,250.714704,286.413227,322.111751,357.810274,2025-10-24 13:47:17.372216+00:00,15,2025-10-28 14:00:00
1033.795397,775.664794,904.730096,1033.795397,1162.860699,1291.926001,258.448849,193.916198,226.182524,258.448849,290.715175,322.9815,2025-10-24 13:47:17.372216+00:00,15,2025-10-28 14:15:00
882.200696,661.558352,771.879524,882.200696,992.521869,1102.843041,220.550174,165.389588,192.969881,220.550174,248.130467,275.71076,2025-10-24 13:47:17.372216+00:00,15,2025-10-28 14:30:00
739.002419,553.869888,646.436154,739.002419,831.568685,924.13495,184.750605,138.467472,161.609038,184.750605,207.892171,231.033738,2025-10-24 13:47:17.372216+00:00,15,2025-10-28 14:45:00
606.071603,455.563822,530.817712,606.071603,681.325494,756.579384,151.517901,113.890955,132.704428,151.517901,170.331373,189.144846,2025-10-24 13:47:17.372216+00:00,15,2025-10-28 15:00:00
396.57363,297.925939,347.249785,396.57363,445.897475,495.22132,99.143407,74.481485,86.812446,99.143407,111.474369,123.80533,2025-10-24 13:47:17.372216+00:00,15,2025-10-28 15:15:00
217.234456,163.106871,190.170663,217.234456,244.298249,271.362041,54.308614,40.776718,47.542666,54.308614,61.074562,67.84051,2025-10-24 13:47:17.372216+00:00,15,2025-10-28 15:30:00
98.194654,73.686905,85.940779,98.194654,110.448528,122.702403,24.548663,18.421726,21.485195,24.548663,27.612132,30.675601,2025-10-24 13:47:17.372216+00:00,15,2025-10-28 15:45:00
0.0,0.0,0.0,0.0,0.0,0.0,0.0,0.0,0.0,0.0,0.0,0.0,2025-10-24 13:47:17.372216+00:00,15,2025-10-28 16:00:00
0.0,0.0,0.0,0.0,0.0,0.0,0.0,0.0,0.0,0.0,0.0,0.0,2025-10-24 13:47:17.372216+00:00,15,2025-10-28 16:15:00
0.0,0.0,0.0,0.0,0.0,0.0,0.0,0.0,0.0,0.0,0.0,0.0,2025-10-24 13:47:17.372216+00:00,15,2025-10-28 16:30:00
0.0,0.0,0.0,0.0,0.0,0.0,0.0,0.0,0.0,0.0,0.0,0.0,2025-10-24 13:47:17.372216+00:00,15,2025-10-28 16:45:00
0.0,0.0,0.0,0.0,0.0,0.0,0.0,0.0,0.0,0.0,0.0,0.0,2025-10-24 13:47:17.372216+00:00,15,2025-10-28 17:00:00
0.0,0.0,0.0,0.0,0.0,0.0,0.0,0.0,0.0,0.0,0.0,0.0,2025-10-24 13:47:17.372216+00:00,15,2025-10-28 17:15:00
0.0,0.0,0.0,0.0,0.0,0.0,0.0,0.0,0.0,0.0,0.0,0.0,2025-10-24 13:47:17.372216+00:00,15,2025-10-28 17:30:00
0.0,0.0,0.0,0.0,0.0,0.0,0.0,0.0,0.0,0.0,0.0,0.0,2025-10-24 13:47:17.372216+00:00,15,2025-10-28 17:45:00
0.0,0.0,0.0,0.0,0.0,0.0,0.0,0.0,0.0,0.0,0.0,0.0,2025-10-24 13:47:17.372216+00:00,15,2025-10-28 18:00:00
0.0,0.0,0.0,0.0,0.0,0.0,0.0,0.0,0.0,0.0,0.0,0.0,2025-10-24 13:47:17.372216+00:00,15,2025-10-28 18:15:00
0.0,0.0,0.0,0.0,0.0,0.0,0.0,0.0,0.0,0.0,0.0,0.0,2025-10-24 13:47:17.372216+00:00,15,2025-10-28 18:30:00
0.0,0.0,0.0,0.0,0.0,0.0,0.0,0.0,0.0,0.0,0.0,0.0,2025-10-24 13:47:17.372216+00:00,15,2025-10-28 18:45:00
0.0,0.0,0.0,0.0,0.0,0.0,0.0,0.0,0.0,0.0,0.0,0.0,2025-10-24 13:47:17.372216+00:00,15,2025-10-28 19:00:00
0.0,0.0,0.0,0.0,0.0,0.0,0.0,0.0,0.0,0.0,0.0,0.0,2025-10-24 13:47:17.372216+00:00,15,2025-10-28 19:15:00
0.0,0.0,0.0,0.0,0.0,0.0,0.0,0.0,0.0,0.0,0.0,0.0,2025-10-24 13:47:17.372216+00:00,15,2025-10-28 19:30:00
0.0,0.0,0.0,0.0,0.0,0.0,0.0,0.0,0.0,0.0,0.0,0.0,2025-10-24 13:47:17.372216+00:00,15,2025-10-28 19:45:00
0.0,0.0,0.0,0.0,0.0,0.0,0.0,0.0,0.0,0.0,0.0,0.0,2025-10-24 13:47:17.372216+00:00,15,2025-10-28 20:00:00
0.0,0.0,0.0,0.0,0.0,0.0,0.0,0.0,0.0,0.0,0.0,0.0,2025-10-24 13:47:17.372216+00:00,15,2025-10-28 20:15:00
0.0,0.0,0.0,0.0,0.0,0.0,0.0,0.0,0.0,0.0,0.0,0.0,2025-10-24 13:47:17.372216+00:00,15,2025-10-28 20:30:00
0.0,0.0,0.0,0.0,0.0,0.0,0.0,0.0,0.0,0.0,0.0,0.0,2025-10-24 13:47:17.372216+00:00,15,2025-10-28 20:45:00
0.0,0.0,0.0,0.0,0.0,0.0,0.0,0.0,0.0,0.0,0.0,0.0,2025-10-24 13:47:17.372216+00:00,15,2025-10-28 21:00:00
0.0,0.0,0.0,0.0,0.0,0.0,0.0,0.0,0.0,0.0,0.0,0.0,2025-10-24 13:47:17.372216+00:00,15,2025-10-28 21:15:00
0.0,0.0,0.0,0.0,0.0,0.0,0.0,0.0,0.0,0.0,0.0,0.0,2025-10-24 13:47:17.372216+00:00,15,2025-10-28 21:30:00
0.0,0.0,0.0,0.0,0.0,0.0,0.0,0.0,0.0,0.0,0.0,0.0,2025-10-24 13:47:17.372216+00:00,15,2025-10-28 21:45:00
0.0,0.0,0.0,0.0,0.0,0.0,0.0,0.0,0.0,0.0,0.0,0.0,2025-10-24 13:47:17.372216+00:00,15,2025-10-28 22:00:00
0.0,0.0,0.0,0.0,0.0,0.0,0.0,0.0,0.0,0.0,0.0,0.0,2025-10-24 13:47:17.372216+00:00,15,2025-10-28 22:15:00
0.0,0.0,0.0,0.0,0.0,0.0,0.0,0.0,0.0,0.0,0.0,0.0,2025-10-24 13:47:17.372216+00:00,15,2025-10-28 22:30:00
0.0,0.0,0.0,0.0,0.0,0.0,0.0,0.0,0.0,0.0,0.0,0.0,2025-10-24 13:47:17.372216+00:00,15,2025-10-28 22:45:00
0.0,0.0,0.0,0.0,0.0,0.0,0.0,0.0,0.0,0.0,0.0,0.0,2025-10-24 13:47:17.372216+00:00,15,2025-10-28 23:00:00
0.0,0.0,0.0,0.0,0.0,0.0,0.0,0.0,0.0,0.0,0.0,0.0,2025-10-24 13:47:17.372216+00:00,15,2025-10-28 23:15:00
0.0,0.0,0.0,0.0,0.0,0.0,0.0,0.0,0.0,0.0,0.0,0.0,2025-10-24 13:47:17.372216+00:00,15,2025-10-28 23:30:00
0.0,0.0,0.0,0.0,0.0,0.0,0.0,0.0,0.0,0.0,0.0,0.0,2025-10-24 13:47:17.372216+00:00,15,2025-10-28 23:45:00
0.0,0.0,0.0,0.0,0.0,0.0,0.0,0.0,0.0,0.0,0.0,0.0,2025-10-24 13:47:17.372216+00:00,15,2025-10-29 00:00:00
0.0,0.0,0.0,0.0,0.0,0.0,0.0,0.0,0.0,0.0,0.0,0.0,2025-10-24 13:47:17.372216+00:00,15,2025-10-29 00:15:00
0.0,0.0,0.0,0.0,0.0,0.0,0.0,0.0,0.0,0.0,0.0,0.0,2025-10-24 13:47:17.372216+00:00,15,2025-10-29 00:30:00
0.0,0.0,0.0,0.0,0.0,0.0,0.0,0.0,0.0,0.0,0.0,0.0,2025-10-24 13:47:17.372216+00:00,15,2025-10-29 00:45:00
0.0,0.0,0.0,0.0,0.0,0.0,0.0,0.0,0.0,0.0,0.0,0.0,2025-10-24 13:47:17.372216+00:00,15,2025-10-29 01:00:00
0.0,0.0,0.0,0.0,0.0,0.0,0.0,0.0,0.0,0.0,0.0,0.0,2025-10-24 13:47:17.372216+00:00,15,2025-10-29 01:15:00
0.0,0.0,0.0,0.0,0.0,0.0,0.0,0.0,0.0,0.0,0.0,0.0,2025-10-24 13:47:17.372216+00:00,15,2025-10-29 01:30:00
0.0,0.0,0.0,0.0,0.0,0.0,0.0,0.0,0.0,0.0,0.0,0.0,2025-10-24 13:47:17.372216+00:00,15,2025-10-29 01:45:00
0.0,0.0,0.0,0.0,0.0,0.0,0.0,0.0,0.0,0.0,0.0,0.0,2025-10-24 13:47:17.372216+00:00,15,2025-10-29 02:00:00
0.0,0.0,0.0,0.0,0.0,0.0,0.0,0.0,0.0,0.0,0.0,0.0,2025-10-24 13:47:17.372216+00:00,15,2025-10-29 02:15:00
0.0,0.0,0.0,0.0,0.0,0.0,0.0,0.0,0.0,0.0,0.0,0.0,2025-10-24 13:47:17.372216+00:00,15,2025-10-29 02:30:00
0.0,0.0,0.0,0.0,0.0,0.0,0.0,0.0,0.0,0.0,0.0,0.0,2025-10-24 13:47:17.372216+00:00,15,2025-10-29 02:45:00
0.0,0.0,0.0,0.0,0.0,0.0,0.0,0.0,0.0,0.0,0.0,0.0,2025-10-24 13:47:17.372216+00:00,15,2025-10-29 03:00:00
0.0,0.0,0.0,0.0,0.0,0.0,0.0,0.0,0.0,0.0,0.0,0.0,2025-10-24 13:47:17.372216+00:00,15,2025-10-29 03:15:00
0.0,0.0,0.0,0.0,0.0,0.0,0.0,0.0,0.0,0.0,0.0,0.0,2025-10-24 13:47:17.372216+00:00,15,2025-10-29 03:30:00
0.0,0.0,0.0,0.0,0.0,0.0,0.0,0.0,0.0,0.0,0.0,0.0,2025-10-24 13:47:17.372216+00:00,15,2025-10-29 03:45:00
0.0,0.0,0.0,0.0,0.0,0.0,0.0,0.0,0.0,0.0,0.0,0.0,2025-10-24 13:47:17.372216+00:00,15,2025-10-29 04:00:00
0.0,0.0,0.0,0.0,0.0,0.0,0.0,0.0,0.0,0.0,0.0,0.0,2025-10-24 13:47:17.372216+00:00,15,2025-10-29 04:15:00
0.0,0.0,0.0,0.0,0.0,0.0,0.0,0.0,0.0,0.0,0.0,0.0,2025-10-24 13:47:17.372216+00:00,15,2025-10-29 04:30:00
0.0,0.0,0.0,0.0,0.0,0.0,0.0,0.0,0.0,0.0,0.0,0.0,2025-10-24 13:47:17.372216+00:00,15,2025-10-29 04:45:00
0.0,0.0,0.0,0.0,0.0,0.0,0.0,0.0,0.0,0.0,0.0,0.0,2025-10-24 13:47:17.372216+00:00,15,2025-10-29 05:00:00
0.0,0.0,0.0,0.0,0.0,0.0,0.0,0.0,0.0,0.0,0.0,0.0,2025-10-24 13:47:17.372216+00:00,15,2025-10-29 05:15:00
0.0,0.0,0.0,0.0,0.0,0.0,0.0,0.0,0.0,0.0,0.0,0.0,2025-10-24 13:47:17.372216+00:00,15,2025-10-29 05:30:00
30.011286,21.820211,25.915748,30.011286,34.106823,38.202361,7.502821,5.455053,6.478937,7.502821,8.526706,9.55059,2025-10-24 13:47:17.372216+00:00,15,2025-10-29 05:45:00
63.431643,46.089484,54.760563,63.431643,72.102722,80.773802,15.857911,11.522371,13.690141,15.857911,18.025681,20.193451,2025-10-24 13:47:17.372216+00:00,15,2025-10-29 06:00:00
100.6195,73.068297,86.843899,100.6195,114.395102,128.170704,25.154875,18.267074,21.710975,25.154875,28.598776,32.042676,2025-10-24 13:47:17.372216+00:00,15,2025-10-29 06:15:00
140.938132,102.288342,121.613237,140.938132,160.263027,179.587922,35.234533,25.572085,30.403309,35.234533,40.065757,44.89698,2025-10-24 13:47:17.372216+00:00,15,2025-10-29 06:30:00
267.598647,194.102978,230.850813,267.598647,304.346481,341.094315,66.899662,48.525745,57.712703,66.899662,76.08662,85.273579,2025-10-24 13:47:17.372216+00:00,15,2025-10-29 06:45:00
401.226132,290.88238,346.054256,401.226132,456.398008,511.569884,100.306533,72.720595,86.513564,100.306533,114.099502,127.892471,2025-10-24 13:47:17.372216+00:00,15,2025-10-29 07:00:00
539.836018,391.147361,465.491689,539.836018,614.180346,688.524674,134.959004,97.78684,116.372922,134.959004,153.545086,172.131169,2025-10-24 13:47:17.372216+00:00,15,2025-10-29 07:15:00
684.994919,496.039312,590.517116,684.994919,779.472722,873.950525,171.24873,124.009828,147.629279,171.24873,194.868181,218.487631,2025-10-24 13:47:17.372216+00:00,15,2025-10-29 07:30:00
842.133313,609.480267,725.80679,842.133313,958.459835,1074.786358,210.533328,152.370067,181.451698,210.533328,239.614959,268.696589,2025-10-24 13:47:17.372216+00:00,15,2025-10-29 07:45:00
1001.014309,724.067017,862.540663,1001.014309,1139.487955,1277.961602,250.253577,181.016754,215.635166,250.253577,284.871989,319.4904,2025-10-24 13:47:17.372216+00:00,15,2025-10-29 08:00:00
1161.901351,839.957852,1000.929601,1161.901351,1322.8731,1483.84485,290.475338,209.989463,250.2324,290.475338,330.718275,370.961213,2025-10-24 13:47:17.372216+00:00,15,2025-10-29 08:15:00
1322.461273,955.478269,1138.969771,1322.461273,1505.952774,1689.444276,330.615318,238.869567,284.742443,330.615318,376.488194,422.361069,2025-10-24 13:47:17.372216+00:00,15,2025-10-29 08:30:00
1478.004273,1067.242252,1272.623262,1478.004273,1683.385283,1888.766293,369.501068,266.810563,318.155816,369.501068,420.846321,472.191573,2025-10-24 13:47:17.372216+00:00,15,2025-10-29 08:45:00
1598.648481,1152.040214,1375.344348,1598.648481,1821.952615,2045.256749,399.66212,288.010053,343.836087,399.66212,455.488154,511.314187,2025-10-24 13:47:17.372216+00:00,15,2025-10-29 09:00:00
1721.388036,1239.775895,1480.581966,1721.388036,1962.194107,2203.000178,430.347009,309.943974,370.145491,430.347009,490.548527,550.750044,2025-10-24 13:47:17.372216+00:00,15,2025-10-29 09:15:00
1829.483202,1316.868578,1573.17589,1829.483202,2085.790514,2342.097826,457.3708,329.217144,393.293972,457.3708,521.447628,585.524456,2025-10-24 13:47:17.372216+00:00,15,2025-10-29 09:30:00
1854.020609,1333.761018,1593.890814,1854.020609,2114.150405,2374.280201,463.505152,333.440255,398.472703,463.505152,528.537601,593.57005,2025-10-24 13:47:17.372216+00:00,15,2025-10-29 09:45:00
1950.412272,1373.090239,1661.751256,1950.412272,2239.073288,2500.0,487.603068,343.27256,415.437814,487.603068,559.768322,625.0,2025-10-24 13:47:17.372216+00:00,15,2025-10-29 10:00:00
2070.954061,1457.135341,1764.044701,2070.954061,2377.863421,2500.0,517.738515,364.283835,441.011175,517.738515,594.465855,625.0,2025-10-24 13:47:17.372216+00:00,15,2025-10-29 10:15:00
2124.088363,1493.683552,1808.885958,2124.088363,2439.290768,2500.0,531.022091,373.420888,452.221489,531.022091,609.822692,625.0,2025-10-24 13:47:17.372216+00:00,15,2025-10-29 10:30:00
2258.573371,1587.364418,1922.968894,2258.573371,2500.0,2500.0,564.643343,396.841104,480.742224,564.643343,625.0,625.0,2025-10-24 13:47:17.372216+00:00,15,2025-10-29 10:45:00
2062.554334,1359.467979,1711.011156,2062.554334,2414.097511,2500.0,515.638583,339.866995,427.752789,515.638583,603.524378,625.0,2025-10-24 13:47:17.372216+00:00,15,2025-10-29 11:00:00
1794.442234,1182.132351,1488.287292,1794.442234,2100.597175,2406.752116,448.610558,295.533088,372.071823,448.610558,525.149294,601.688029,2025-10-24 13:47:17.372216+00:00,15,2025-10-29 11:15:00
1735.251052,1142.54088,1438.895966,1735.251052,2031.606138,2327.961224,433.812763,285.63522,359.723991,433.812763,507.901535,581.990306,2025-10-24 13:47:17.372216+00:00,15,2025-10-29 11:30:00
1532.188002,1008.310002,1270.249002,1532.188002,1794.127003,2056.066003,383.047001,252.0775,317.562251,383.047001,448.531751,514.016501,2025-10-24 13:47:17.372216+00:00,15,2025-10-29 11:45:00
1555.765132,950.081213,1252.923172,1555.765132,1858.607091,2161.44905,388.941283,237.520303,313.230793,388.941283,464.651773,540.362262,2025-10-24 13:47:17.372216+00:00,15,2025-10-29 12:00:00
1405.302808,857.769958,1131.536383,1405.302808,1679.069234,1952.835659,351.325702,214.442489,282.884096,351.325702,419.767308,488.208915,2025-10-24 13:47:17.372216+00:00,15,2025-10-29 12:15:00
1294.232985,789.582194,1041.90759,1294.232985,1546.558381,1798.883776,323.558246,197.395549,260.476897,323.558246,386.639595,449.720944,2025-10-24 13:47:17.372216+00:00,15,2025-10-29 12:30:00
1061.404629,647.216481,854.310555,1061.404629,1268.498704,1475.592778,265.351157,161.80412,213.577639,265.351157,317.124676,368.898195,2025-10-24 13:47:17.372216+00:00,15,2025-10-29 12:45:00
1044.633064,616.893134,830.763099,1044.633064,1258.503028,1472.372993,261.158266,154.223284,207.690775,261.158266,314.625757,368.093248,2025-10-24 13:47:17.372216+00:00,15,2025-10-29 13:00:00
1190.801427,702.865295,946.833361,1190.801427,1434.769493,1678.737559,297.700357,175.716324,236.70834,297.700357,358.692373,419.68439,2025-10-24 13:47:17.372216+00:00,15,2025-10-29 13:15:00
1040.878413,614.071688,827.475051,1040.878413,1254.281776,1467.685139,260.219603,153.517922,206.868763,260.219603,313.570444,366.921285,2025-10-24 13:47:17.372216+00:00,15,2025-10-29 13:30:00
1026.663376,605.387146,816.025261,1026.663376,1237.301491,1447.939605,256.665844,151.346787,204.006315,256.665844,309.325373,361.984901,2025-10-24 13:47:17.372216+00:00,15,2025-10-29 13:45:00
804.108196,472.188951,638.148574,804.108196,970.067818,1136.027441,201.027049,118.047238,159.537143,201.027049,242.516955,284.00686,2025-10-24 13:47:17.372216+00:00,15,2025-10-29 14:00:00
665.011829,390.316185,527.664007,665.011829,802.35965,939.707472,166.252957,97.579046,131.916002,166.252957,200.589913,234.926868,2025-10-24 13:47:17.372216+00:00,15,2025-10-29 14:15:00
672.074406,394.266737,533.170572,672.074406,810.978241,949.882075,168.018602,98.566684,133.292643,168.018602,202.74456,237.470519,2025-10-24 13:47:17.372216+00:00,15,2025-10-29 14:30:00
560.756997,328.800757,444.778877,560.756997,676.735117,792.713237,140.189249,82.200189,111.194719,140.189249,169.183779,198.178309,2025-10-24 13:47:17.372216+00:00,15,2025-10-29 14:45:00
518.979742,304.154028,411.566885,518.979742,626.392599,733.805456,129.744935,76.038507,102.891721,129.744935,156.59815,183.451364,2025-10-24 13:47:17.372216+00:00,15,2025-10-29 15:00:00
350.516041,205.322175,277.919108,350.516041,423.112973,495.709906,87.62901,51.330544,69.479777,87.62901,105.778243,123.927477,2025-10-24 13:47:17.372216+00:00,15,2025-10-29 15:15:00
156.37056,91.551924,123.961242,156.37056,188.779878,221.189195,39.09264,22.887981,30.99031,39.09264,47.194969,55.297299,2025-10-24 13:47:17.372216+00:00,15,2025-10-29 15:30:00
89.418802,52.32697,70.872886,89.418802,107.964718,126.510634,22.3547,13.081743,17.718222,22.3547,26.991179,31.627658,2025-10-24 13:47:17.372216+00:00,15,2025-10-29 15:45:00
0.0,0.0,0.0,0.0,0.0,0.0,0.0,0.0,0.0,0.0,0.0,0.0,2025-10-24 13:47:17.372216+00:00,15,2025-10-29 16:00:00
0.0,0.0,0.0,0.0,0.0,0.0,0.0,0.0,0.0,0.0,0.0,0.0,2025-10-24 13:47:17.372216+00:00,15,2025-10-29 16:15:00
0.0,0.0,0.0,0.0,0.0,0.0,0.0,0.0,0.0,0.0,0.0,0.0,2025-10-24 13:47:17.372216+00:00,15,2025-10-29 16:30:00
0.0,0.0,0.0,0.0,0.0,0.0,0.0,0.0,0.0,0.0,0.0,0.0,2025-10-24 13:47:17.372216+00:00,15,2025-10-29 16:45:00
0.0,0.0,0.0,0.0,0.0,0.0,0.0,0.0,0.0,0.0,0.0,0.0,2025-10-24 13:47:17.372216+00:00,15,2025-10-29 17:00:00
0.0,0.0,0.0,0.0,0.0,0.0,0.0,0.0,0.0,0.0,0.0,0.0,2025-10-24 13:47:17.372216+00:00,15,2025-10-29 17:15:00
0.0,0.0,0.0,0.0,0.0,0.0,0.0,0.0,0.0,0.0,0.0,0.0,2025-10-24 13:47:17.372216+00:00,15,2025-10-29 17:30:00
0.0,0.0,0.0,0.0,0.0,0.0,0.0,0.0,0.0,0.0,0.0,0.0,2025-10-24 13:47:17.372216+00:00,15,2025-10-29 17:45:00
0.0,0.0,0.0,0.0,0.0,0.0,0.0,0.0,0.0,0.0,0.0,0.0,2025-10-24 13:47:17.372216+00:00,15,2025-10-29 18:00:00
0.0,0.0,0.0,0.0,0.0,0.0,0.0,0.0,0.0,0.0,0.0,0.0,2025-10-24 13:47:17.372216+00:00,15,2025-10-29 18:15:00
0.0,0.0,0.0,0.0,0.0,0.0,0.0,0.0,0.0,0.0,0.0,0.0,2025-10-24 13:47:17.372216+00:00,15,2025-10-29 18:30:00
0.0,0.0,0.0,0.0,0.0,0.0,0.0,0.0,0.0,0.0,0.0,0.0,2025-10-24 13:47:17.372216+00:00,15,2025-10-29 18:45:00
0.0,0.0,0.0,0.0,0.0,0.0,0.0,0.0,0.0,0.0,0.0,0.0,2025-10-24 13:47:17.372216+00:00,15,2025-10-29 19:00:00
0.0,0.0,0.0,0.0,0.0,0.0,0.0,0.0,0.0,0.0,0.0,0.0,2025-10-24 13:47:17.372216+00:00,15,2025-10-29 19:15:00
0.0,0.0,0.0,0.0,0.0,0.0,0.0,0.0,0.0,0.0,0.0,0.0,2025-10-24 13:47:17.372216+00:00,15,2025-10-29 19:30:00
0.0,0.0,0.0,0.0,0.0,0.0,0.0,0.0,0.0,0.0,0.0,0.0,2025-10-24 13:47:17.372216+00:00,15,2025-10-29 19:45:00
0.0,0.0,0.0,0.0,0.0,0.0,0.0,0.0,0.0,0.0,0.0,0.0,2025-10-24 13:47:17.372216+00:00,15,2025-10-29 20:00:00
0.0,0.0,0.0,0.0,0.0,0.0,0.0,0.0,0.0,0.0,0.0,0.0,2025-10-24 13:47:17.372216+00:00,15,2025-10-29 20:15:00
0.0,0.0,0.0,0.0,0.0,0.0,0.0,0.0,0.0,0.0,0.0,0.0,2025-10-24 13:47:17.372216+00:00,15,2025-10-29 20:30:00
0.0,0.0,0.0,0.0,0.0,0.0,0.0,0.0,0.0,0.0,0.0,0.0,2025-10-24 13:47:17.372216+00:00,15,2025-10-29 20:45:00
0.0,0.0,0.0,0.0,0.0,0.0,0.0,0.0,0.0,0.0,0.0,0.0,2025-10-24 13:47:17.372216+00:00,15,2025-10-29 21:00:00
0.0,0.0,0.0,0.0,0.0,0.0,0.0,0.0,0.0,0.0,0.0,0.0,2025-10-24 13:47:17.372216+00:00,15,2025-10-29 21:15:00
0.0,0.0,0.0,0.0,0.0,0.0,0.0,0.0,0.0,0.0,0.0,0.0,2025-10-24 13:47:17.372216+00:00,15,2025-10-29 21:30:00
0.0,0.0,0.0,0.0,0.0,0.0,0.0,0.0,0.0,0.0,0.0,0.0,2025-10-24 13:47:17.372216+00:00,15,2025-10-29 21:45:00
0.0,0.0,0.0,0.0,0.0,0.0,0.0,0.0,0.0,0.0,0.0,0.0,2025-10-24 13:47:17.372216+00:00,15,2025-10-29 22:00:00
0.0,0.0,0.0,0.0,0.0,0.0,0.0,0.0,0.0,0.0,0.0,0.0,2025-10-24 13:47:17.372216+00:00,15,2025-10-29 22:15:00
0.0,0.0,0.0,0.0,0.0,0.0,0.0,0.0,0.0,0.0,0.0,0.0,2025-10-24 13:47:17.372216+00:00,15,2025-10-29 22:30:00
0.0,0.0,0.0,0.0,0.0,0.0,0.0,0.0,0.0,0.0,0.0,0.0,2025-10-24 13:47:17.372216+00:00,15,2025-10-29 22:45:00
0.0,0.0,0.0,0.0,0.0,0.0,0.0,0.0,0.0,0.0,0.0,0.0,2025-10-24 13:47:17.372216+00:00,15,2025-10-29 23:00:00
0.0,0.0,0.0,0.0,0.0,0.0,0.0,0.0,0.0,0.0,0.0,0.0,2025-10-24 13:47:17.372216+00:00,15,2025-10-29 23:15:00
0.0,0.0,0.0,0.0,0.0,0.0,0.0,0.0,0.0,0.0,0.0,0.0,2025-10-24 13:47:17.372216+00:00,15,2025-10-29 23:30:00
0.0,0.0,0.0,0.0,0.0,0.0,0.0,0.0,0.0,0.0,0.0,0.0,2025-10-24 13:47:17.372216+00:00,15,2025-10-29 23:45:00
0.0,0.0,0.0,0.0,0.0,0.0,0.0,0.0,0.0,0.0,0.0,0.0,2025-10-24 13:47:17.372216+00:00,15,2025-10-30 00:00:00
0.0,0.0,0.0,0.0,0.0,0.0,0.0,0.0,0.0,0.0,0.0,0.0,2025-10-24 13:47:17.372216+00:00,15,2025-10-30 00:15:00
0.0,0.0,0.0,0.0,0.0,0.0,0.0,0.0,0.0,0.0,0.0,0.0,2025-10-24 13:47:17.372216+00:00,15,2025-10-30 00:30:00
0.0,0.0,0.0,0.0,0.0,0.0,0.0,0.0,0.0,0.0,0.0,0.0,2025-10-24 13:47:17.372216+00:00,15,2025-10-30 00:45:00
0.0,0.0,0.0,0.0,0.0,0.0,0.0,0.0,0.0,0.0,0.0,0.0,2025-10-24 13:47:17.372216+00:00,15,2025-10-30 01:00:00
0.0,0.0,0.0,0.0,0.0,0.0,0.0,0.0,0.0,0.0,0.0,0.0,2025-10-24 13:47:17.372216+00:00,15,2025-10-30 01:15:00
0.0,0.0,0.0,0.0,0.0,0.0,0.0,0.0,0.0,0.0,0.0,0.0,2025-10-24 13:47:17.372216+00:00,15,2025-10-30 01:30:00
0.0,0.0,0.0,0.0,0.0,0.0,0.0,0.0,0.0,0.0,0.0,0.0,2025-10-24 13:47:17.372216+00:00,15,2025-10-30 01:45:00
0.0,0.0,0.0,0.0,0.0,0.0,0.0,0.0,0.0,0.0,0.0,0.0,2025-10-24 13:47:17.372216+00:00,15,2025-10-30 02:00:00
0.0,0.0,0.0,0.0,0.0,0.0,0.0,0.0,0.0,0.0,0.0,0.0,2025-10-24 13:47:17.372216+00:00,15,2025-10-30 02:15:00
0.0,0.0,0.0,0.0,0.0,0.0,0.0,0.0,0.0,0.0,0.0,0.0,2025-10-24 13:47:17.372216+00:00,15,2025-10-30 02:30:00
0.0,0.0,0.0,0.0,0.0,0.0,0.0,0.0,0.0,0.0,0.0,0.0,2025-10-24 13:47:17.372216+00:00,15,2025-10-30 02:45:00
0.0,0.0,0.0,0.0,0.0,0.0,0.0,0.0,0.0,0.0,0.0,0.0,2025-10-24 13:47:17.372216+00:00,15,2025-10-30 03:00:00
0.0,0.0,0.0,0.0,0.0,0.0,0.0,0.0,0.0,0.0,0.0,0.0,2025-10-24 13:47:17.372216+00:00,15,2025-10-30 03:15:00
0.0,0.0,0.0,0.0,0.0,0.0,0.0,0.0,0.0,0.0,0.0,0.0,2025-10-24 13:47:17.372216+00:00,15,2025-10-30 03:30:00
0.0,0.0,0.0,0.0,0.0,0.0,0.0,0.0,0.0,0.0,0.0,0.0,2025-10-24 13:47:17.372216+00:00,15,2025-10-30 03:45:00
0.0,0.0,0.0,0.0,0.0,0.0,0.0,0.0,0.0,0.0,0.0,0.0,2025-10-24 13:47:17.372216+00:00,15,2025-10-30 04:00:00
0.0,0.0,0.0,0.0,0.0,0.0,0.0,0.0,0.0,0.0,0.0,0.0,2025-10-24 13:47:17.372216+00:00,15,2025-10-30 04:15:00
0.0,0.0,0.0,0.0,0.0,0.0,0.0,0.0,0.0,0.0,0.0,0.0,2025-10-24 13:47:17.372216+00:00,15,2025-10-30 04:30:00
0.0,0.0,0.0,0.0,0.0,0.0,0.0,0.0,0.0,0.0,0.0,0.0,2025-10-24 13:47:17.372216+00:00,15,2025-10-30 04:45:00
0.0,0.0,0.0,0.0,0.0,0.0,0.0,0.0,0.0,0.0,0.0,0.0,2025-10-24 13:47:17.372216+00:00,15,2025-10-30 05:00:00
0.0,0.0,0.0,0.0,0.0,0.0,0.0,0.0,0.0,0.0,0.0,0.0,2025-10-24 13:47:17.372216+00:00,15,2025-10-30 05:15:00
0.0,0.0,0.0,0.0,0.0,0.0,0.0,0.0,0.0,0.0,0.0,0.0,2025-10-24 13:47:17.372216+00:00,15,2025-10-30 05:30:00
16.482415,10.07167,13.277042,16.482415,19.687787,22.893159,4.120604,2.517917,3.319261,4.120604,4.921947,5.72329,2025-10-24 13:47:17.372216+00:00,15,2025-10-30 05:45:00
31.329382,18.492982,24.911182,31.329382,37.747583,44.165783,7.832346,4.623245,6.227796,7.832346,9.436896,11.041446,2025-10-24 13:47:17.372216+00:00,15,2025-10-30 06:00:00
49.464558,29.181974,39.323266,49.464558,59.60585,69.747142,12.366139,7.295494,9.830817,12.366139,14.901462,17.436785,2025-10-24 13:47:17.372216+00:00,15,2025-10-30 06:15:00
77.271196,45.56206,61.416628,77.271196,93.125765,108.980333,19.317799,11.390515,15.354157,19.317799,23.281441,27.245083,2025-10-24 13:47:17.372216+00:00,15,2025-10-30 06:30:00
154.655602,91.141524,122.898563,154.655602,186.412641,218.169679,38.6639,22.785381,30.724641,38.6639,46.60316,54.54242,2025-10-24 13:47:17.372216+00:00,15,2025-10-30 06:45:00
204.616876,120.123732,162.370304,204.616876,246.863448,289.11002,51.154219,30.030933,40.592576,51.154219,61.715862,72.277505,2025-10-24 13:47:17.372216+00:00,15,2025-10-30 07:00:00
281.209465,164.999276,223.104371,281.209465,339.31456,397.419655,70.302366,41.249819,55.776093,70.302366,84.82864,99.354914,2025-10-24 13:47:17.372216+00:00,15,2025-10-30 07:15:00
369.28848,216.562044,292.925262,369.28848,445.651698,522.014916,92.32212,54.140511,73.231316,92.32212,111.412924,130.503729,2025-10-24 13:47:17.372216+00:00,15,2025-10-30 07:30:00
388.208599,227.533819,307.871209,388.208599,468.545989,548.883379,97.05215,56.883455,76.967802,97.05215,117.136497,137.220845,2025-10-24 13:47:17.372216+00:00,15,2025-10-30 07:45:00
528.92228,325.277738,427.100009,528.92228,630.74455,732.566821,132.23057,81.319434,106.775002,132.23057,157.686138,183.141705,2025-10-24 13:47:17.372216+00:00,15,2025-10-30 08:00:00
595.667461,366.120654,480.894058,595.667461,710.440865,825.214269,148.916865,91.530163,120.223514,148.916865,177.610216,206.303567,2025-10-24 13:47:17.372216+00:00,15,2025-10-30 08:15:00
697.364649,428.388609,562.876629,697.364649,831.852669,966.34069,174.341162,107.097152,140.719157,174.341162,207.963167,241.585172,2025-10-24 13:47:17.372216+00:00,15,2025-10-30 08:30:00
820.910855,504.000979,662.455917,820.910855,979.365793,1137.820731,205.227714,126.000245,165.613979,205.227714,244.841448,284.455183,2025-10-24 13:47:17.372216+00:00,15,2025-10-30 08:45:00
808.336714,518.504194,663.420454,808.336714,953.252974,1098.169234,202.084179,129.626048,165.855114,202.084179,238.313244,274.542309,2025-10-24 13:47:17.372216+00:00,15,2025-10-30 09:00:00
850.322965,545.121497,697.722231,850.322965,1002.923699,1155.524433,212.580741,136.280374,174.430558,212.580741,250.730925,288.881108,2025-10-24 13:47:17.372216+00:00,15,2025-10-30 09:15:00
915.474983,586.550082,751.012533,915.474983,1079.937434,1244.399885,228.868746,146.63752,187.753133,228.868746,269.984359,311.099971,2025-10-24 13:47:17.372216+00:00,15,2025-10-30 09:30:00
1069.617542,684.914151,877.265846,1069.617542,1261.969237,1454.320932,267.404385,171.228538,219.316462,267.404385,315.492309,363.580233,2025-10-24 13:47:17.372216+00:00,15,2025-10-30 09:45:00
1218.651007,805.887956,1012.269481,1218.651007,1425.032532,1631.414058,304.662752,201.471989,253.06737,304.662752,356.258133,407.853514,2025-10-24 13:47:17.372216+00:00,15,2025-10-30 10:00:00
1421.397143,939.403404,1180.400274,1421.397143,1662.394013,1903.390882,355.349286,234.850851,295.100068,355.349286,415.598503,475.847721,2025-10-24 13:47:17.372216+00:00,15,2025-10-30 10:15:00
1446.196111,955.223654,1200.709883,1446.196111,1691.68234,1937.168568,361.549028,238.805914,300.177471,361.549028,422.920585,484.292142,2025-10-24 13:47:17.372216+00:00,15,2025-10-30 10:30:00
1483.906682,979.547424,1231.727053,1483.906682,1736.086311,1988.26594,370.97667,244.886856,307.931763,370.97667,434.021578,497.066485,2025-10-24 13:47:17.372216+00:00,15,2025-10-30 10:45:00
1533.954225,1031.157713,1282.555969,1533.954225,1785.35248,2036.750736,383.488556,257.789428,320.638992,383.488556,446.33812,509.187684,2025-10-24 13:47:17.372216+00:00,15,2025-10-30 11:00:00
1527.834826,1026.419376,1277.127101,1527.834826,1778.542551,2029.250277,381.958707,256.604844,319.281775,381.958707,444.635638,507.312569,2025-10-24 13:47:17.372216+00:00,15,2025-10-30 11:15:00
1629.962718,1094.36369,1362.163204,1629.962718,1897.762232,2165.561746,407.49068,273.590923,340.540801,407.49068,474.440558,541.390436,2025-10-24 13:47:17.372216+00:00,15,2025-10-30 11:30:00
1635.990752,1097.741904,1366.866328,1635.990752,1905.115175,2174.239599,408.997688,274.435476,341.716582,408.997688,476.278794,543.5599,2025-10-24 13:47:17.372216+00:00,15,2025-10-30 11:45:00
1672.767837,1128.564129,1400.665983,1672.767837,1944.869692,2216.971546,418.191959,282.141032,350.166496,418.191959,486.217423,554.242886,2025-10-24 13:47:17.372216+00:00,15,2025-10-30 12:00:00
1707.743256,1151.453754,1429.598505,1707.743256,1985.888007,2264.032758,426.935814,287.863439,357.399626,426.935814,496.472002,566.00819,2025-10-24 13:47:17.372216+00:00,15,2025-10-30 12:15:00
1692.943799,1140.774075,1416.858937,1692.943799,1969.028662,2245.113524,423.23595,285.193519,354.214734,423.23595,492.257165,561.278381,2025-10-24 13:47:17.372216+00:00,15,2025-10-30 12:30:00
1650.472011,1111.471364,1380.971688,1650.472011,1919.972335,2189.472658,412.618003,277.867841,345.242922,412.618003,479.993084,547.368165,2025-10-24 13:47:17.372216+00:00,15,2025-10-30 12:45:00
1573.541449,1060.378725,1316.960087,1573.541449,1830.12281,2086.704172,393.385362,265.094681,329.240022,393.385362,457.530703,521.676043,2025-10-24 13:47:17.372216+00:00,15,2025-10-30 13:00:00
1484.672184,999.874978,1242.273581,1484.672184,1727.070786,1969.469389,371.168046,249.968744,310.568395,371.168046,431.767697,492.367347,2025-10-24 13:47:17.372216+00:00,15,2025-10-30 13:15:00
1420.475941,956.051205,1188.263573,1420.475941,1652.688309,1884.900677,355.118985,239.012801,297.065893,355.118985,413.172077,471.225169,2025-10-24 13:47:17.372216+00:00,15,2025-10-30 13:30:00
1279.655002,860.740314,1070.197658,1279.655002,1489.112346,1698.56969,319.91375,215.185078,267.549414,319.91375,372.278087,424.642423,2025-10-24 13:47:17.372216+00:00,15,2025-10-30 13:45:00
1169.266406,785.362018,977.314212,1169.266406,1361.2186,1553.170794,292.316601,196.340504,244.328553,292.316601,340.30465,388.292699,2025-10-24 13:47:17.372216+00:00,15,2025-10-30 14:00:00
1049.048975,704.180595,876.614785,1049.048975,1221.483165,1393.917355,262.262244,176.045149,219.153696,262.262244,305.370791,348.479339,2025-10-24 13:47:17.372216+00:00,15,2025-10-30 14:15:00
911.680025,611.59289,761.636458,911.680025,1061.723593,1211.767161,227.920006,152.898223,190.409114,227.920006,265.430898,302.94179,2025-10-24 13:47:17.372216+00:00,15,2025-10-30 14:30:00
796.470211,533.975161,665.222686,796.470211,927.717736,1058.965261,199.117553,133.49379,166.305671,199.117553,231.929434,264.741315,2025-10-24 13:47:17.372216+00:00,15,2025-10-30 14:45:00
659.823104,441.155918,550.489511,659.823104,769.156697,878.490291,164.955776,110.288979,137.622378,164.955776,192.289174,219.622573,2025-10-24 13:47:17.372216+00:00,15,2025-10-30 15:00:00
433.848446,289.890783,361.869615,433.848446,505.827278,577.806109,108.462112,72.472696,90.467404,108.462112,126.456819,144.451527,2025-10-24 13:47:17.372216+00:00,15,2025-10-30 15:15:00
240.551376,160.633383,200.592379,240.551376,280.510372,320.469369,60.137844,40.158346,50.148095,60.137844,70.127593,80.117342,2025-10-24 13:47:17.372216+00:00,15,2025-10-30 15:30:00
104.83961,69.965636,87.402623,104.83961,122.276598,139.713585,26.209903,17.491409,21.850656,26.209903,30.569149,34.928396,2025-10-24 13:47:17.372216+00:00,15,2025-10-30 15:45:00
0.0,0.0,0.0,0.0,0.0,0.0,0.0,0.0,0.0,0.0,0.0,0.0,2025-10-24 13:47:17.372216+00:00,15,2025-10-30 16:00:00
0.0,0.0,0.0,0.0,0.0,0.0,0.0,0.0,0.0,0.0,0.0,0.0,2025-10-24 13:47:17.372216+00:00,15,2025-10-30 16:15:00
0.0,0.0,0.0,0.0,0.0,0.0,0.0,0.0,0.0,0.0,0.0,0.0,2025-10-24 13:47:17.372216+00:00,15,2025-10-30 16:30:00
0.0,0.0,0.0,0.0,0.0,0.0,0.0,0.0,0.0,0.0,0.0,0.0,2025-10-24 13:47:17.372216+00:00,15,2025-10-30 16:45:00
0.0,0.0,0.0,0.0,0.0,0.0,0.0,0.0,0.0,0.0,0.0,0.0,2025-10-24 13:47:17.372216+00:00,15,2025-10-30 17:00:00
0.0,0.0,0.0,0.0,0.0,0.0,0.0,0.0,0.0,0.0,0.0,0.0,2025-10-24 13:47:17.372216+00:00,15,2025-10-30 17:15:00
0.0,0.0,0.0,0.0,0.0,0.0,0.0,0.0,0.0,0.0,0.0,0.0,2025-10-24 13:47:17.372216+00:00,15,2025-10-30 17:30:00
0.0,0.0,0.0,0.0,0.0,0.0,0.0,0.0,0.0,0.0,0.0,0.0,2025-10-24 13:47:17.372216+00:00,15,2025-10-30 17:45:00
0.0,0.0,0.0,0.0,0.0,0.0,0.0,0.0,0.0,0.0,0.0,0.0,2025-10-24 13:47:17.372216+00:00,15,2025-10-30 18:00:00
0.0,0.0,0.0,0.0,0.0,0.0,0.0,0.0,0.0,0.0,0.0,0.0,2025-10-24 13:47:17.372216+00:00,15,2025-10-30 18:15:00
0.0,0.0,0.0,0.0,0.0,0.0,0.0,0.0,0.0,0.0,0.0,0.0,2025-10-24 13:47:17.372216+00:00,15,2025-10-30 18:30:00
0.0,0.0,0.0,0.0,0.0,0.0,0.0,0.0,0.0,0.0,0.0,0.0,2025-10-24 13:47:17.372216+00:00,15,2025-10-30 18:45:00
0.0,0.0,0.0,0.0,0.0,0.0,0.0,0.0,0.0,0.0,0.0,0.0,2025-10-24 13:47:17.372216+00:00,15,2025-10-30 19:00:00
0.0,0.0,0.0,0.0,0.0,0.0,0.0,0.0,0.0,0.0,0.0,0.0,2025-10-24 13:47:17.372216+00:00,15,2025-10-30 19:15:00
0.0,0.0,0.0,0.0,0.0,0.0,0.0,0.0,0.0,0.0,0.0,0.0,2025-10-24 13:47:17.372216+00:00,15,2025-10-30 19:30:00
0.0,0.0,0.0,0.0,0.0,0.0,0.0,0.0,0.0,0.0,0.0,0.0,2025-10-24 13:47:17.372216+00:00,15,2025-10-30 19:45:00
0.0,0.0,0.0,0.0,0.0,0.0,0.0,0.0,0.0,0.0,0.0,0.0,2025-10-24 13:47:17.372216+00:00,15,2025-10-30 20:00:00
0.0,0.0,0.0,0.0,0.0,0.0,0.0,0.0,0.0,0.0,0.0,0.0,2025-10-24 13:47:17.372216+00:00,15,2025-10-30 20:15:00
0.0,0.0,0.0,0.0,0.0,0.0,0.0,0.0,0.0,0.0,0.0,0.0,2025-10-24 13:47:17.372216+00:00,15,2025-10-30 20:30:00
0.0,0.0,0.0,0.0,0.0,0.0,0.0,0.0,0.0,0.0,0.0,0.0,2025-10-24 13:47:17.372216+00:00,15,2025-10-30 20:45:00
0.0,0.0,0.0,0.0,0.0,0.0,0.0,0.0,0.0,0.0,0.0,0.0,2025-10-24 13:47:17.372216+00:00,15,2025-10-30 21:00:00
0.0,0.0,0.0,0.0,0.0,0.0,0.0,0.0,0.0,0.0,0.0,0.0,2025-10-24 13:47:17.372216+00:00,15,2025-10-30 21:15:00
0.0,0.0,0.0,0.0,0.0,0.0,0.0,0.0,0.0,0.0,0.0,0.0,2025-10-24 13:47:17.372216+00:00,15,2025-10-30 21:30:00
0.0,0.0,0.0,0.0,0.0,0.0,0.0,0.0,0.0,0.0,0.0,0.0,2025-10-24 13:47:17.372216+00:00,15,2025-10-30 21:45:00
0.0,0.0,0.0,0.0,0.0,0.0,0.0,0.0,0.0,0.0,0.0,0.0,2025-10-24 13:47:17.372216+00:00,15,2025-10-30 22:00:00
0.0,0.0,0.0,0.0,0.0,0.0,0.0,0.0,0.0,0.0,0.0,0.0,2025-10-24 13:47:17.372216+00:00,15,2025-10-30 22:15:00
0.0,0.0,0.0,0.0,0.0,0.0,0.0,0.0,0.0,0.0,0.0,0.0,2025-10-24 13:47:17.372216+00:00,15,2025-10-30 22:30:00
0.0,0.0,0.0,0.0,0.0,0.0,0.0,0.0,0.0,0.0,0.0,0.0,2025-10-24 13:47:17.372216+00:00,15,2025-10-30 22:45:00
0.0,0.0,0.0,0.0,0.0,0.0,0.0,0.0,0.0,0.0,0.0,0.0,2025-10-24 13:47:17.372216+00:00,15,2025-10-30 23:00:00
0.0,0.0,0.0,0.0,0.0,0.0,0.0,0.0,0.0,0.0,0.0,0.0,2025-10-24 13:47:17.372216+00:00,15,2025-10-30 23:15:00
0.0,0.0,0.0,0.0,0.0,0.0,0.0,0.0,0.0,0.0,0.0,0.0,2025-10-24 13:47:17.372216+00:00,15,2025-10-30 23:30:00
0.0,0.0,0.0,0.0,0.0,0.0,0.0,0.0,0.0,0.0,0.0,0.0,2025-10-24 13:47:17.372216+00:00,15,2025-10-30 23:45:00
